11:37:34 INFO  run.start          run 20260907T060734Z-d25193: 10 payer(s) selected (1-10), max 1000000 doc(s) each
11:37:34 INFO  run.config         effective configuration for this run
11:37:34 INFO  payer.start        UHC | starting UnitedHealthcare from hint host uhcprovider.com
11:37:34 INFO  payer.start        Horizon BCBSNJ | starting Horizon Blue Cross Blue Shield of New Jersey from hint host horizonblue.com
11:37:34 INFO  payer.start        Cigna | starting Cigna Healthcare from hint host cigna.com
11:37:34 INFO  payer.start        UPMC | starting UPMC Health Plan from hint host upmchealthplan.com
11:37:36 INFO  robots.loaded      UPMC Health Plan | https://upmchealthplan.com/robots.txt -> HTTP 200; 9 rule(s), 2 sitemap(s)
11:37:36 INFO  robots.helpful_disallowed UPMC | robots.txt disallows /search, which would have helped enumerate this payer's policy list (Disallow: /search); it will not be fetched
11:37:36 INFO  robots.loaded      UnitedHealthcare | https://uhcprovider.com/robots.txt -> HTTP 200; 0 rule(s), 0 sitemap(s)
11:37:37 INFO  robots.loaded      UPMC Health Plan | https://www.upmchealthplan.com/robots.txt -> HTTP 200; 9 rule(s), 2 sitemap(s)
11:37:37 INFO  robots.loaded      Horizon Blue Cross Blue Shield of New Jersey | https://horizonblue.com/robots.txt -> HTTP 200; 58 rule(s), 0 sitemap(s)
11:37:37 INFO  robots.helpful_disallowed Horizon BCBSNJ | robots.txt disallows /search/, which would have helped enumerate this payer's policy list (Disallow: /search/); it will not be fetched
11:37:37 INFO  robots.helpful_disallowed Horizon BCBSNJ | robots.txt disallows /index.php/search/, which would have helped enumerate this payer's policy list (Disallow: /index.php/search/); it will not be fetched
11:37:37 INFO  robots.loaded      Cigna Healthcare | https://cigna.com/robots.txt -> HTTP 200; 77 rule(s), 5 sitemap(s)
11:37:37 INFO  robots.helpful_disallowed Cigna | robots.txt disallows /individuals-families/external_policy_disclosure, which would have helped enumerate this payer's policy list (Disallow: /individuals-families/external_policy_disclosure); it will not be fetched
11:37:37 INFO  robots.helpful_disallowed Cigna | robots.txt disallows /pharmacy-networks/pharmacy-network-1, which would have helped enumerate this payer's policy list (Disallow: /pharmacy-networks/pharmacy-network-1); it will not be fetched
11:37:37 INFO  robots.helpful_disallowed Cigna | robots.txt disallows /pharmacy-networks/pharmacy-network-2, which would have helped enumerate this payer's policy list (Disallow: /pharmacy-networks/pharmacy-network-2); it will not be fetched
11:37:37 INFO  robots.helpful_disallowed Cigna | robots.txt disallows /pharmacy-networks/pharmacy-network-3, which would have helped enumerate this payer's policy list (Disallow: /pharmacy-networks/pharmacy-network-3); it will not be fetched
11:37:37 INFO  robots.helpful_disallowed Cigna | robots.txt disallows /assets/docs/personal/pharmacy-networks/876412-pharmacy-qa-flyer-no-walgreens.pdf, which would have helped enumerate this payer's policy list (Disallow: /assets/docs/personal/pharmacy-networks/876412-pharmacy-qa-flyer-no-walgreens.pdf); it will not be fetched
11:37:37 INFO  robots.helpful_disallowed Cigna | robots.txt disallows /assets/docs/personal/pharmacy-networks/876349-pharmacy-qa-flyer-no-cvs-or-walgreens.pdf, which would have helped enumerate this payer's policy list (Disallow: /assets/docs/personal/pharmacy-networks/876349-pharmacy-qa-flyer-no-cvs-or-walgreens.pdf); it will not be fetched
11:37:37 INFO  robots.helpful_disallowed Cigna | robots.txt disallows /willistowerswatson-medical/, which would have helped enumerate this payer's policy list (Disallow: /willistowerswatson-medical/); it will not be fetched
11:37:37 INFO  robots.helpful_disallowed Cigna | robots.txt disallows /willistowerswatson-medicalrx/, which would have helped enumerate this payer's policy list (Disallow: /willistowerswatson-medicalrx/); it will not be fetched
11:37:37 INFO  robots.loaded      Cigna Healthcare | https://www.cigna.com/robots.txt -> HTTP 200; 77 rule(s), 5 sitemap(s)
11:37:38 WARNING payer.blocked      Horizon BCBSNJ | automated access blocked at sitemap: https://horizonblue.com/sitemap.xml (HTTP 200, evidence: request unsuccessful. incapsula incident id)
11:37:38 INFO  sitemap.parsed     UPMC | https://www.upmchealthplan.com/sitemap.xml -> 27 entries
11:37:38 INFO  sitemap.parsed     UHC | https://uhcprovider.com/sitemap.xml -> 1 entry (sitemap index)
11:37:39 INFO  sitemap.parsed     UPMC | https://www.upmchealthplan.com/sitemap2.xml -> 1594 entries
11:37:39 WARNING payer.blocked      Horizon BCBSNJ | automated access blocked at sitemap: https://horizonblue.com/sitemap_index.xml (HTTP 200, evidence: request unsuccessful. incapsula incident id)
11:37:39 INFO  sitemap.parsed     Cigna | https://www.cigna.com/sitemap.xml -> 3 entries (sitemap index)
11:37:40 WARNING payer.blocked      Horizon BCBSNJ | automated access blocked at sitemap: https://horizonblue.com/sitemap-index.xml (HTTP 200, evidence: request unsuccessful. incapsula incident id)
11:37:40 INFO  fetch.failed       https://www.cigna.com/sitemap-v2.xml -> HTTP 404 after 1 attempt(s)
11:37:40 WARNING sitemap.unavailable Cigna | robots.txt declares https://www.cigna.com/sitemap-v2.xml but it returned HTTP 404
11:37:40 INFO  sitemap.parsed     UHC | https://uhcprovider.com/sitemap_index.xml -> 0 entries
11:37:40 INFO  index.crawled      UPMC | https://www.upmchealthplan.com/formulary -> 39 link(s)
11:37:40 INFO  index.crawled      UPMC | https://www.upmchealthplan.com/providers/medical/resources -> 73 link(s)
11:37:41 WARNING payer.blocked      Horizon BCBSNJ | automated access blocked at sitemap: https://horizonblue.com/sitemap.xml.gz (HTTP 200, evidence: request unsuccessful. incapsula incident id)
11:37:41 INFO  index.crawled      UPMC | https://www.upmchealthplan.com/providers -> 72 link(s)
11:37:41 INFO  index.crawled      UPMC | https://www.upmchealthplan.com/about/vendor-information/newsletters/upmc-for-life-fdr-newsletter -> 91 link(s)
11:37:41 INFO  sitemap.parsed     Cigna | https://www.cigna.com/sitemap-es-us.xml -> 416 entries
11:37:42 INFO  sitemap.parsed     UHC | https://uhcprovider.com/sitemap-index.xml -> 0 entries
11:37:42 WARNING payer.blocked      Horizon BCBSNJ | automated access blocked at sitemap: https://horizonblue.com/sitemaps/sitemap.xml (HTTP 200, evidence: request unsuccessful. incapsula incident id)
11:37:42 INFO  index.crawled      UPMC | https://www.upmchealthplan.com/medicare/off-site/prescription-drug-search-our-drug-list-link -> 30 link(s)
11:37:42 INFO  index.crawled      UPMC | https://www.upmchealthplan.com/formulary -> 39 link(s)
11:37:43 WARNING payer.blocked      Horizon BCBSNJ | automated access blocked at sitemap: https://horizonblue.com/sitemap/sitemap-index.xml (HTTP 200, evidence: request unsuccessful. incapsula incident id)
11:37:43 WARNING sitemap.none       Horizon BCBSNJ | no usable sitemap found; falling back to seeded index pages
11:37:43 INFO  sitemap.parsed     UHC | https://uhcprovider.com/sitemap.xml.gz -> 0 entries
11:37:43 INFO  index.crawled      UPMC | https://www.upmchealthplan.com/providers/vision/resources/manuals/policies-and-procedures -> 78 link(s)
11:37:43 INFO  sitemap.parsed     Cigna | https://www.cigna.com/healthwise.xml -> 5952 entries
11:37:44 WARNING payer.blocked      Horizon BCBSNJ | automated access blocked at index: https://horizonblue.com/providers/policies-procedures (HTTP 200, evidence: request unsuccessful. incapsula incident id)
11:37:44 INFO  index.crawled      UPMC | https://www.upmchealthplan.com/providers/dental/resources/newsletter -> 88 link(s)
11:37:45 INFO  sitemap.parsed     UHC | https://uhcprovider.com/sitemaps/sitemap.xml -> 0 entries
11:37:45 WARNING payer.blocked      Horizon BCBSNJ | automated access blocked at index: https://horizonblue.com/providers/policies-procedures/medical-policies (HTTP 200, evidence: request unsuccessful. incapsula incident id)
11:37:45 INFO  index.crawled      UPMC | https://www.upmchealthplan.com/providers/medical/resources/manuals/provider-manual -> 96 link(s)
11:37:46 INFO  sitemap.parsed     Cigna | https://www.cigna.com/healthwise-es.xml -> 6006 entries
11:37:46 INFO  sitemap.parsed     Cigna | https://www.cigna.com/sitemap1.xml -> 416 entries
11:37:46 WARNING payer.blocked      Horizon BCBSNJ | automated access blocked at index: https://horizonblue.com/ (HTTP 200, evidence: request unsuccessful. incapsula incident id)
11:37:46 INFO  payer.done         Horizon Blue Cross Blue Shield of New Jersey | Horizon Blue Cross Blue Shield of New Jersey: attempted=0 found=0 failed=0 skipped_robots=0 dupes_collapsed=0 elapsed_s=11.7 [BLOCKED]
11:37:46 INFO  payer.start        Anthem | starting Elevance Health (Anthem) from hint host anthem.com
11:37:46 INFO  index.crawled      UPMC | https://www.upmchealthplan.com/providers/medical/resources/forms/medical-pa -> 110 link(s)
11:37:47 INFO  sitemap.parsed     UHC | https://uhcprovider.com/sitemap/sitemap-index.xml -> 0 entries
11:37:47 INFO  index.crawled      UPMC | https://www.upmchealthplan.com/providers/medical/resources/guidelines -> 74 link(s)
11:37:47 INFO  robots.loaded      UnitedHealthcare | https://www.uhcprovider.com/robots.txt -> HTTP 200; 0 rule(s), 0 sitemap(s)
11:37:48 INFO  sitemap.parsed     Cigna | https://www.cigna.com/health-care-providers/default/sitemap.xml -> 469 entries
11:37:48 INFO  index.crawled      UPMC | https://www.upmchealthplan.com/providers/medical/resources/telehealth-guidelines -> 100 link(s)
11:37:48 INFO  index.crawled      Cigna | https://www.cigna.com/es-us/knowledge-center/what-is-prior-authorization -> 61 link(s)
11:37:49 INFO  sitemap.parsed     UHC | https://www.uhcprovider.com/en.sitemap.xml -> 0 entries
11:37:49 INFO  index.crawled      UPMC | https://www.upmchealthplan.com/providers/dental/resources/manuals/policies-and-procedures -> 85 link(s)
11:37:50 INFO  index.crawled      Cigna | https://www.cigna.com/es-us/knowledge-center/hw/formulario-de-horarios-de-revisin-del-nivel-de-aa95576 -> 0 link(s)
11:37:50 INFO  index.crawled      UPMC | https://www.upmchealthplan.com/providers/medical/announcements-updates/announcements/2022-announcements/03-01-important-update-interqual-connect-prior-authorizations -> 71 link(s)
11:37:51 INFO  index.crawled      Cigna | https://www.cigna.com/health-care-providers/coverage-and-claims/policies -> 69 link(s)
11:37:51 INFO  index.crawled      UHC | https://www.uhcprovider.com/en/error-page.html -> 1 link(s)
11:37:51 INFO  index.crawled      Cigna | https://www.cigna.com/es-us/knowledge-center/hw/temas-de-salud/formularios-y-listas-de-verificacin-para-llevar-bs1005 -> 0 link(s)
11:37:51 INFO  index.crawled      UPMC | https://www.upmchealthplan.com/providers/medical/announcements-updates/announcements/2024-announcements/04-23-updates-to-utilization-management -> 71 link(s)
11:37:52 INFO  index.crawled      Cigna | https://www.cigna.com/health-care-providers/pharmacy/formulary-drug-lists -> 70 link(s)
11:37:52 INFO  index.crawled      UHC | https://www.uhcprovider.com/en/policies-protocols.html -> 48 link(s)
11:37:52 INFO  index.crawled      Cigna | https://www.cigna.com/es-us/knowledge-center/hw/formulario-para-identificar-motivos-para-reducir-tj2602 -> 0 link(s)
11:37:52 INFO  index.crawled      UPMC | https://www.upmchealthplan.com/providers/medical/announcements-updates/announcements/2024-announcements/04-29-enhanced-claim-editing-effective-july-1 -> 72 link(s)
11:37:52 INFO  index.crawled      UHC | https://www.uhcprovider.com/en/prior-auth-advance-notification.html -> 59 link(s)
11:37:53 INFO  index.crawled      Cigna | https://www.cigna.com/health-care-providers/coverage-and-claims -> 65 link(s)
11:37:53 INFO  index.crawled      UPMC | https://www.upmchealthplan.com/providers/medical/resources/guidelines/clinical-practice -> 72 link(s)
11:37:54 INFO  index.crawled      Cigna | https://www.cigna.com/knowledge-center/what-is-prior-authorization -> 59 link(s)
11:37:54 INFO  index.crawled      UHC | https://www.uhcprovider.com/en/resource-library/drug-lists-pharmacy.html -> 87 link(s)
11:37:54 INFO  index.crawled      UPMC | https://www.upmchealthplan.com/providers/medical/resources/guidelines/quality-assurance -> 83 link(s)
11:37:55 INFO  index.crawled      UHC | https://www.uhcprovider.com/ -> 44 link(s)
11:37:55 INFO  index.crawled      Cigna | https://www.cigna.com/health-care-providers/coverage-and-claims/policies -> 69 link(s)
11:37:55 INFO  index.crawled      UPMC | https://www.upmchealthplan.com/providers/medical/resources/guidelines/epsdt-guidelines -> 96 link(s)
11:37:56 INFO  index.crawled      Cigna | https://www.cigna.com/health-care-providers/pharmacy/formulary-drug-lists -> 70 link(s)
11:37:56 INFO  index.crawled      UPMC | https://www.upmchealthplan.com/providers/medical/announcements-updates/announcements/2025-announcements/2025-01-coming-soon-formulary-updates-effective-jan-1-2025 -> 80 link(s)
11:37:57 INFO  index.crawled      UPMC | https://www.upmchealthplan.com/providers/medical/announcements-updates/announcements/2025-announcements/2025-05-pause-prior-auths-in-ae-policies-announcement -> 72 link(s)
11:37:57 INFO  index.crawled      Cigna | https://www.cigna.com/es-us/health-care-providers/pharmacy/formulary-drug-lists -> 69 link(s)
11:37:58 INFO  index.crawled      UHC | https://www.uhcprovider.com/en/resource-library/news/2026/october-prior-auth-reductions.html -> 40 link(s)
11:37:58 INFO  index.crawled      UHC | https://www.uhcprovider.com/en/resource-library/news/2026/prior-auth-notification-tool.html -> 36 link(s)
11:37:58 INFO  index.crawled      UPMC | https://www.upmchealthplan.com/providers/medical/announcements-updates/announcements/2025-announcements/2025-07-clinical-documentation-required-for-hip-knee-and-shoulder-prior-authorizations -> 68 link(s)
11:37:59 INFO  index.crawled      Cigna | https://www.cigna.com/health-care-providers/coverage-and-claims/precertification -> 92 link(s)
11:37:59 INFO  index.crawled      UHC | https://www.uhcprovider.com/en/prior-auth-advance-notification/adv-notification-plan-reqs.html -> 337 link(s)
11:37:59 INFO  index.crawled      UHC | https://www.uhcprovider.com/en/prior-auth-advance-notification.html -> 59 link(s)
11:37:59 INFO  index.crawled      UPMC | https://www.upmchealthplan.com/providers/medical/announcements-updates/announcements/2025-announcements/2025-07-important-notice-regarding-prior-authorizations-for-mp-pa-147 -> 71 link(s)
11:38:00 INFO  index.crawled      Cigna | https://www.cigna.com/es-us/health-care-providers/coverage-and-claims/precertification -> 91 link(s)
11:38:00 INFO  index.crawled      Cigna | https://www.cigna.com/individuals-families/member-guide/prescription-drug-lists -> 183 link(s)
11:38:00 INFO  index.crawled      UPMC | https://www.upmchealthplan.com/providers/medical/announcements-updates/announcements/2025-announcements/2025-09-biosimilar-medication-formulary-updates -> 72 link(s)
11:38:00 INFO  index.crawled      UHC | https://www.uhcprovider.com/en/policies-protocols/dental-policies.html -> 89 link(s)
11:38:01 INFO  index.crawled      UHC | https://www.uhcprovider.com/en/prior-auth-advance-notification.html -> 59 link(s)
11:38:02 INFO  index.crawled      Cigna | https://www.cigna.com/es-us/individuals-families/member-guide/prescription-drug-lists -> 182 link(s)
11:38:02 INFO  index.crawled      UPMC | https://www.upmchealthplan.com/providers/medical/announcements-updates/announcements/2025-announcements/2025-10-october-2025-upmc-for-you-and-upmc-community-healthchoices-formulary-update -> 72 link(s)
11:38:02 INFO  index.crawled      Cigna | https://www.cigna.com/individuals-families/member-guide/individuals-families-drug-list -> 55 link(s)
11:38:02 INFO  index.crawled      UHC | https://www.uhcprovider.com/en/policies-protocols/clinical-guidelines.html -> 88 link(s)
11:38:02 INFO  index.crawled      UPMC | https://www.upmchealthplan.com/providers/medical/announcements-updates/announcements/2025-announcements/2025-12-formulary-updates-effective-jan-1-2026 -> 72 link(s)
11:38:03 INFO  robots.loaded      Cigna Healthcare | https://static.cigna.com/robots.txt -> HTTP 200; 3 rule(s), 0 sitemap(s)
11:38:03 INFO  robots.loaded      Cigna Healthcare | https://static.cigna.com/robots.txt -> HTTP 200; 3 rule(s), 0 sitemap(s)
11:38:03 INFO  index.crawled      UPMC | https://www.upmchealthplan.com/providers/medical/announcements-updates/announcements/2025-announcements/2025-12-medicaid-provider-update-high-cost-medicaid-drug-billing -> 36 link(s)
11:38:04 INFO  index.crawled      Cigna | https://www.cigna.com/es-us/individuals-families/member-guide/individuals-families-drug-list -> 54 link(s)
11:38:04 INFO  index.crawled      UHC | https://www.uhcprovider.com/en/resource-library/news/2024/medicare-d-cost-formulary-changes.html -> 39 link(s)
11:38:04 INFO  index.crawled      UHC | https://www.uhcprovider.com/en/policies-protocols/dental-policies.html -> 89 link(s)
11:38:04 INFO  index.crawled      Cigna | https://static.cigna.com/assets/chcp/resourceLibrary/preCertification/durable.html -> 5 link(s)
11:38:04 INFO  index.crawled      UPMC | https://www.upmchealthplan.com/providers/medical/announcements-updates/announcements/2026-announcements/2026-02-february-2026-upmc-for-you-and-upmc-community-healthchoices-formulary-update -> 71 link(s)
11:38:04 INFO  index.crawled      Cigna | https://www.cigna.com/individuals-families/member-guide/offered-by-employers-drug-list -> 56 link(s)
11:38:05 INFO  index.crawled      Cigna | https://static.cigna.com/assets/chcp/resourceLibrary/preCertification/eiu.html -> 6 link(s)
11:38:05 INFO  index.crawled      UHC | https://www.uhcprovider.com/en/policies-protocols/clinical-guidelines.html -> 88 link(s)
11:38:05 INFO  index.crawled      UPMC | https://www.upmchealthplan.com/providers/medical/announcements-updates/announcements/2026-announcements/2026-06-clinical-documentation-required-for-medical-policy-prior-authorizations -> 71 link(s)
11:38:06 INFO  index.crawled      Cigna | https://www.cigna.com/es-us/individuals-families/member-guide/offered-by-employers-drug-list -> 55 link(s)
11:38:06 INFO  index.crawled      UPMC | https://www.upmchealthplan.com/providers/medical/announcements-updates/announcements/2026-announcements/2026-07-august-2026-upmc-for-you-and-upmc-community-healthchoices-formulary-updates -> 71 link(s)
11:38:06 INFO  index.crawled      UHC | https://www.uhcprovider.com/en/policies-protocols/comm-plan-medicaid-policies.html -> 39 link(s)
11:38:08 INFO  index.crawled      Cigna | https://www.cigna.com/individuals-families/member-guide/individuals-families-drug-list?consumerID=cigna&indicator=IFP&pdlYearType=CD -> 55 link(s)
11:38:08 INFO  index.crawled      Cigna | https://www.cigna.com/individuals-families/member-guide/prescription-drug-lists -> 183 link(s)
11:38:08 INFO  index.crawled      UPMC | https://www.upmchealthplan.com/snp/off-site/prescription-drug-search-our-drug-list -> 30 link(s)
11:38:09 INFO  index.crawled      UPMC | https://www.upmchealthplan.com/providers/medical/resources/manuals/policies-procedures -> 75 link(s)
11:38:09 INFO  index.crawled      Cigna | https://www.cigna.com/individuals-families/member-guide/offered-by-employers-drug-list?indicator=nonIFP -> 56 link(s)
11:38:09 INFO  index.crawled      Cigna | https://static.cigna.com/assets/chcp/resourceLibrary/preCertification/gastroenterology.html -> 6 link(s)
11:38:10 INFO  index.crawled      UPMC | https://www.upmchealthplan.com/providers/medical/resources/manuals/policies-procedures?utm_campaign=Provider+Education&utm_source=faq+-+print+handout&utm_medium=print&utm_term=providers&vurlid=2uDs6qF -> 75 link(s)
11:38:10 INFO  index.crawled      UHC | https://www.uhcprovider.com/en/health-plans-by-state/arizona-health-plans/az-comm-plan-home/az-cp-prior-auth.html -> 93 link(s)
11:38:10 INFO  index.crawled      Cigna | https://static.cigna.com/assets/chcp/resourceLibrary/preCertification/oncology.html -> 7 link(s)
11:38:10 INFO  robots.loaded      UPMC Health Plan | https://flipbooks.upmc.com/robots.txt -> HTTP 200; 15 rule(s), 3 sitemap(s)
11:38:10 INFO  robots.loaded      UPMC Health Plan | https://flipbooks.upmc.com/robots.txt -> HTTP 200; 15 rule(s), 3 sitemap(s)
11:38:11 INFO  index.crawled      UPMC | https://www.upmchealthplan.com/images/marketing/Dental-NL-Flipbooks/DentalAdvantageNewsletterV13/ -> 1 link(s)
11:38:11 INFO  index.crawled      UHC | https://identity.onehealthcareid.com/oneapp/index.html -> 0 link(s)
11:38:11 INFO  robots.loaded      UPMC Health Plan | https://flipbooks.upmc.com/robots.txt -> HTTP 200; 15 rule(s), 3 sitemap(s)
11:38:11 INFO  index.crawled      Cigna | https://static.cigna.com/assets/chcp/resourceLibrary/preCertification/molecularLaboratory.html -> 6 link(s)
11:38:11 INFO  index.crawled      UHC | https://identity.onehealthcareid.com/oneapp/index.html -> 0 link(s)
11:38:11 INFO  index.crawled      UHC | https://www.uhcprovider.com/en/health-plans-by-state/colorado-health-plans/co-comm-plan-home/co-cp-prior-auth.html -> 95 link(s)
11:38:12 INFO  robots.loaded      UPMC Health Plan | https://flipbooks.upmc.com/robots.txt -> HTTP 200; 15 rule(s), 3 sitemap(s)
11:38:12 INFO  index.crawled      Cigna | https://static.cigna.com/assets/chcp/resourceLibrary/preCertification/musculoskeletal.html -> 6 link(s)
11:38:12 INFO  index.crawled      UHC | https://www.uhcprovider.com/en/health-plans-by-state/delaware-health-plans/de-comm-plan-home/de-cp-prior-auth.html -> 49 link(s)
11:38:13 INFO  robots.loaded      UPMC Health Plan | https://flipbooks.upmc.com/robots.txt -> HTTP 200; 15 rule(s), 3 sitemap(s)
11:38:14 INFO  index.auth_gated   Cigna | https://static.cigna.com/assets/chcp/resourceLibrary/preCertification/radiationTherapy.html is behind a login gate (please log in); not pursuing
11:38:14 INFO  index.crawled      UHC | https://www.uhcprovider.com/en/health-plans-by-state/district-of-columbia-health-plans/dc-comm-plan-home/dc-cp-prior-auth.html -> 50 link(s)
11:38:14 INFO  robots.loaded      UPMC Health Plan | https://flipbooks.upmc.com/robots.txt -> HTTP 200; 15 rule(s), 3 sitemap(s)
11:38:14 INFO  index.crawled      UHC | https://www.uhcprovider.com/en/health-plans-by-state/florida-health-plans/fl-comm-plan-home/fl-cp-prior-auth.html -> 66 link(s)
11:38:14 INFO  index.crawled      Cigna | https://static.cigna.com/assets/chcp/resourceLibrary/preCertification/radiology.html -> 6 link(s)
11:38:15 INFO  index.crawled      Cigna | https://static.cigna.com/assets/chcp/resourceLibrary/preCertification/sleep.html -> 7 link(s)
11:38:16 INFO  index.crawled      UHC | https://www.uhcprovider.com/en/health-plans-by-state/georgia-health-plans/ga-comm-plan-home/ga-cp-prior-auth.html -> 46 link(s)
11:38:16 INFO  index.crawled      UPMC | https://flipbooks.upmc.com/25pv5370770-provider-dental-newsletter-v12-june-2025 -> 0 link(s)
11:38:16 INFO  index.crawled      Cigna | https://static.cigna.com/assets/chcp/resourceLibrary/preCertification/vascularIntervention.html -> 6 link(s)
11:38:17 INFO  index.crawled      UHC | https://www.uhcprovider.com/en/health-plans-by-state/hawaii-health-plans/hi-comm-plan-home/hi-cp-prior-auth.html -> 68 link(s)
11:38:17 INFO  index.crawled      UPMC | https://flipbooks.upmc.com/24pv4577050-provider-dental-newsletter-july-edition-v8 -> 0 link(s)
11:38:17 INFO  index.crawled      Cigna | https://static.cigna.com/assets/chcp/resourceLibrary/preCertification/laboratory.html -> 7 link(s)
11:38:17 INFO  index.crawled      UPMC | https://flipbooks.upmc.com/dental-newsletter-2026-volume-15 -> 0 link(s)
11:38:18 INFO  index.crawled      UHC | https://www.uhcprovider.com/en/health-plans-by-state/indiana-health-plans/in-comm-plan-home/in-cp-prior-auth.html -> 90 link(s)
11:38:18 INFO  index.crawled      Cigna | https://static.cigna.com/assets/chcp/resourceLibrary/preCertification/hearing.html -> 3 link(s)
11:38:18 INFO  index.crawled      UPMC | https://flipbooks.upmc.com/dental-newsletter-2026-volume-17 -> 0 link(s)
11:38:19 INFO  index.crawled      Cigna | https://static.cigna.com/assets/chcp/resourceLibrary/preCertification/durable.html?_gl=1*1e0dk44*_gcl_au*MzkwMjU5NzkuMTc2MzY1NjQ0OA.. -> 5 link(s)
11:38:19 INFO  index.crawled      UPMC | https://flipbooks.upmc.com/dental-newsletter-2026-volume-16 -> 0 link(s)
11:38:20 INFO  index.crawled      UHC | https://www.uhcprovider.com/en/health-plans-by-state/kansas-health-plans/ks-comm-plan-home/ks-cp-prior-auth.html -> 67 link(s)
11:38:20 INFO  index.crawled      UHC | https://www.uhcprovider.com/en/health-plans-by-state/iowa-health-plans.html -> 45 link(s)
11:38:20 INFO  index.crawled      Cigna | https://static.cigna.com/assets/chcp/resourceLibrary/preCertification/gastroenterology.html?_gl=1*1e0dk44*_gcl_au*MzkwMjU5NzkuMTc2MzY1NjQ0OA.. -> 6 link(s)
11:38:20 INFO  index.crawled      UPMC | https://flipbooks.upmc.com/25pv6067750-dental-newsletter-volume-14 -> 0 link(s)
11:38:21 INFO  index.crawled      UHC | https://www.uhcprovider.com/en/health-plans-by-state/kentucky-health-plans/ky-comm-plan-home/ky-cp-prior-auth.html -> 66 link(s)
11:38:21 INFO  index.crawled      Cigna | https://static.cigna.com/assets/chcp/resourceLibrary/preCertification/oncology.html?_gl=1*pw274r*_gcl_au*MzkwMjU5NzkuMTc2MzY1NjQ0OA.. -> 7 link(s)
11:38:21 INFO  fetch.failed       https://www.upmchealthplan.com/docs/providers/physician_patient.pdf -> HTTP 404 after 1 attempt(s)
11:38:22 INFO  index.crawled      UHC | https://www.uhcprovider.com/en/health-plans-by-state/louisiana-health-plans/la-comm-plan-home/la-cp-prior-auth.html -> 64 link(s)
11:38:22 INFO  index.crawled      Cigna | https://static.cigna.com/assets/chcp/resourceLibrary/preCertification/molecularLaboratory.html?_gl=1*pw274r*_gcl_au*MzkwMjU5NzkuMTc2MzY1NjQ0OA.. -> 6 link(s)
11:38:22 INFO  fetch.failed       https://www.upmchealthplan.com/docs/providers/childobesity_MAbulletin.pdf -> HTTP 404 after 1 attempt(s)
11:38:23 INFO  fetch.failed       https://www.upmchealthplan.com/docs/providers/Autism_Treatment_Plan.pdf -> HTTP 404 after 1 attempt(s)
11:38:23 INFO  index.crawled      UHC | https://www.uhcprovider.com/en/health-plans-by-state/maryland-health-plans/md-comm-plan-home/md-cp-prior-auth.html -> 64 link(s)
11:38:23 INFO  index.crawled      Cigna | https://static.cigna.com/assets/chcp/resourceLibrary/preCertification/musculoskeletal.html?_gl=1*1lxfh4p*_gcl_au*MzkwMjU5NzkuMTc2MzY1NjQ0OA.. -> 6 link(s)
11:38:24 INFO  index.crawled      UHC | https://www.uhcprovider.com/en/health-plans-by-state/massachusetts-health-plans/ma-comm-plan-home/ma-cp-prior-auth.html -> 72 link(s)
11:38:24 INFO  index.auth_gated   Cigna | https://static.cigna.com/assets/chcp/resourceLibrary/preCertification/radiationTherapy.html?_gl=1*1lxfh4p*_gcl_au*MzkwMjU5NzkuMTc2MzY1NjQ0OA.. is behind a login gate (please log in); not pursuing
11:38:24 INFO  robots.blocked     Cigna | skipping https://www.cigna.com/sites/default/files/docs/26/2027-prescription-drug-list-changes.pdf (Disallow: /sites/)
11:38:24 INFO  fetch.failed       https://www.upmchealthplan.com/docs/providers/Survey_Results.pdf -> HTTP 404 after 1 attempt(s)
11:38:25 INFO  index.crawled      UHC | https://www.uhcprovider.com/en/health-plans-by-state/michigan-health-plans/mi-comm-plan-home/mi-cp-prior-auth.html -> 70 link(s)
11:38:26 INFO  fetch.failed       https://www.upmchealthplan.com/docs/providers/MDS.pdf -> HTTP 404 after 1 attempt(s)
11:38:26 INFO  index.crawled      UHC | https://www.uhcprovider.com/en/health-plans-by-state/minnesota-health-plans/mn-comm-plan-home/mn-cp-prior-auth.html -> 48 link(s)
11:38:26 INFO  fetch.failed       https://www.upmchealthplan.com/docs/providers/Identifying_and_Reporting_Fraud_Waste_Abuse.pdf -> HTTP 404 after 1 attempt(s)
11:38:27 INFO  doc.found          Cigna | MAC Pricing Appeal Form - Providers -> https://www.cigna.com/static/www-cigna-com/docs/health-care-providers/form-provider-pricing-appeal-rev-12-21-15.pdf
11:38:27 INFO  index.crawled      UHC | https://www.uhcprovider.com/en/health-plans-by-state/mississippi-health-plans/ms-comm-plan-home/ms-cp-prior-auth.html -> 63 link(s)
11:38:27 INFO  doc.found          Cigna | Formulario de revisión del Costo máximo permitido (MAC) (en inglés) [PDF] -> https://www.cigna.com/static/www-cigna-com/docs/health-care-providers/form-cigna-mac-appeal.pdf
11:38:27 INFO  fetch.failed       https://www.upmchealthplan.com/docs/providers/CMS_1500_form.pdf -> HTTP 404 after 1 attempt(s)
11:38:28 INFO  doc.found          Cigna | Lista de medicamentos con receta de 3 niveles [PDF] -> https://www.cigna.com/static/www-cigna-com/es-us/docs/ifp/cigna-national-preferred-formulary-abridged.pdf
11:38:28 INFO  index.crawled      UHC | https://www.uhcprovider.com/en/health-plans-by-state/missouri-health-plans/mo-comm-plan-home/mo-cp-prior-auth.html -> 55 link(s)
11:38:28 INFO  fetch.failed       https://www.upmchealthplan.com/docs/providers/PROMISE_provquicktip.pdf -> HTTP 404 after 1 attempt(s)
11:38:28 INFO  payer.done         UPMC Health Plan | UPMC Health Plan: attempted=8 found=0 failed=8 skipped_robots=0 dupes_collapsed=0 elapsed_s=54.0
11:38:28 INFO  payer.start        CareSource | starting CareSource from hint host caresource.com
11:38:29 INFO  index.crawled      UHC | https://www.uhcprovider.com/en/health-plans-by-state/nebraska-health-plans/ne-comm-plan-home/ne-cp-prior-auth.html -> 72 link(s)
11:38:29 INFO  doc.found          Cigna | Texas - Summary of Formulary Benefits Flyer [PDF] -> https://www.cigna.com/static/www-cigna-com/docs/ifp/m-26-rx-tx-971335-texas-flyer.pdf
11:38:29 INFO  fetch.failed       https://caresource.com/robots.txt -> HTTP 406 after 1 attempt(s)
11:38:29 INFO  robots.loaded      CareSource | https://caresource.com/robots.txt -> HTTP 406; 0 rule(s), 0 sitemap(s)
11:38:30 INFO  index.crawled      UHC | https://www.uhcprovider.com/en/health-plans-by-state/new-jersey-health-plans/nj-comm-plan-home/nj-cp-prior-auth.html -> 67 link(s)
11:38:30 INFO  fetch.failed       https://caresource.com/sitemap.xml -> HTTP 406 after 1 attempt(s)
11:38:30 INFO  doc.found          Cigna | 3 Tier Abridged [PDF] -> https://www.cigna.com/static/www-cigna-com/docs/ifp/cigna-national-preferred-formulary-abridged.pdf
11:38:31 INFO  fetch.failed       https://caresource.com/sitemap_index.xml -> HTTP 406 after 1 attempt(s)
11:38:32 INFO  index.crawled      UHC | https://www.uhcprovider.com/en/health-plans-by-state/new-mexico-health-plans/nm-comm-plan-home/nm-cp-prior-auth.html -> 66 link(s)
11:38:32 INFO  fetch.failed       https://caresource.com/sitemap-index.xml -> HTTP 406 after 1 attempt(s)
11:38:32 INFO  index.crawled      UHC | https://www.uhcprovider.com/en/health-plans-by-state/new-york-health-plans/ny-comm-plan-home/ny-cp-prior-auth.html -> 63 link(s)
11:38:33 INFO  fetch.failed       https://caresource.com/sitemap.xml.gz -> HTTP 406 after 1 attempt(s)
11:38:33 INFO  index.crawled      UHC | https://www.uhcprovider.com/en/health-plans-by-state/north-carolina-health-plans/nc-comm-plan-home/nc-cp-prior-auth.html -> 62 link(s)
11:38:34 INFO  fetch.failed       https://caresource.com/sitemaps/sitemap.xml -> HTTP 406 after 1 attempt(s)
11:38:34 INFO  index.crawled      UHC | https://www.uhcprovider.com/en/health-plans-by-state/ohio-health-plans/oh-comm-plan-home/oh-cp-prior-auth.html -> 56 link(s)
11:38:35 INFO  fetch.failed       https://caresource.com/sitemap/sitemap-index.xml -> HTTP 406 after 1 attempt(s)
11:38:35 WARNING sitemap.none       CareSource | no usable sitemap found; falling back to seeded index pages
11:38:35 INFO  doc.found          Cigna | IFP Prescription Drug List Changes [PDF] -> https://www.cigna.com/static/www-cigna-com/docs/ifp/m-26-rx-all-989894-2026-ifp-prescription-drug-list-changes.pdf
11:38:35 INFO  index.crawled      UHC | https://www.uhcprovider.com/en/health-plans-by-state/oklahoma-health-plans.html -> 46 link(s)
11:38:36 INFO  fetch.failed       https://caresource.com/providers/policies -> HTTP 406 after 1 attempt(s)
11:38:36 WARNING payer.blocked      CareSource | automated access blocked at index: https://caresource.com/providers/policies (HTTP 406, evidence: http_406)
11:38:36 INFO  index.crawled      UHC | https://www.uhcprovider.com/en/health-plans-by-state/rhode-island-health-plans/ri-comm-plan-home/ri-cp-prior-auth.html -> 64 link(s)
11:38:37 INFO  fetch.failed       https://caresource.com/providers/tools-resources -> HTTP 406 after 1 attempt(s)
11:38:37 WARNING payer.blocked      CareSource | automated access blocked at index: https://caresource.com/providers/tools-resources (HTTP 406, evidence: http_406)
11:38:37 INFO  index.crawled      UHC | https://www.uhcprovider.com/en/health-plans-by-state/tennessee-health-plans/tn-comm-plan-home/tn-cp-prior-auth.html -> 59 link(s)
11:38:38 INFO  fetch.failed       https://caresource.com/ -> HTTP 406 after 1 attempt(s)
11:38:38 WARNING payer.blocked      CareSource | automated access blocked at index: https://caresource.com/ (HTTP 406, evidence: http_406)
11:38:38 INFO  payer.done         CareSource | CareSource: attempted=0 found=0 failed=0 skipped_robots=0 dupes_collapsed=0 elapsed_s=9.4 [BLOCKED]
11:38:38 INFO  payer.start        Centene | starting Centene Corporation from hint host centene.com
11:38:38 INFO  doc.found          Cigna | Cigna Premiere 5 Tier Prescription Drug List AZ [PDF] -> https://www.cigna.com/static/www-cigna-com/docs/ifp/m-26-rx-az-989888-cigna-rx-premiere-5-tier-pdl.pdf
11:38:39 INFO  doc.found          UHC | Pharmacy Benefit Programs Drug List - Effective Sept. 1, 2026 - UnitedHealthcare Commercial -> https://www.uhcprovider.com/content/dam/provider/docs/public/resources/pharmacy/COMM-Pharmacy-Update-Prior-Auth-and-Coverage-Criteria.pdf
11:38:39 INFO  robots.loaded      Centene Corporation | https://centene.com/robots.txt -> HTTP 200; 21 rule(s), 1 sitemap(s)
11:38:39 INFO  robots.loaded      Centene Corporation | https://www.centene.com/robots.txt -> HTTP 200; 21 rule(s), 1 sitemap(s)
11:38:40 INFO  doc.found          UHC | Changes to prior authorization requirement for Medicare Advantage outpatient therapy services - UnitedHealthcare Medicare Advantage plans -> https://www.uhcprovider.com/content/dam/provider/docs/public/prior-auth/pa-requirements/medicare/UHC-Medicare-Therapies-Prior-Auth-Expansion-Outpatient-Therapy.pdf
11:38:40 INFO  sitemap.parsed     Centene | https://www.centene.com/.sitemap.xml -> 213 entries
11:38:41 WARNING payer.blocked      Centene | automated access blocked at index: https://www.centene.com/news/ahip-partnerships-transforming-prior-authorization.html (HTTP 200, evidence: captcha)
11:38:42 INFO  fetch.failed       https://centene.com/providers -> HTTP 404 after 1 attempt(s)
11:38:42 INFO  doc.found          UHC | Prior Authorization requirements for AHCCCS Complete Care (ACC) Medicaid effective June 1, 2026 - UnitedHealthcare Community Plan of Arizona -> https://www.uhcprovider.com/content/dam/provider/docs/public/commplan/az/prior-authorization/AZ-UHCCP-CC-Prior-Authorization-6-1-26.pdf
11:38:43 INFO  doc.found          UHC | Arizona Developmentally Disabled Members Prior Authorization Requirements Effective June 1, 2026 - UnitedHealthcare Community Plan of Arizona -> https://www.uhcprovider.com/content/dam/provider/docs/public/commplan/az/prior-authorization/AZ-UHCCP-DD-Prior-Authorization-6-1-26.pdf
11:38:43 WARNING payer.blocked      Centene | automated access blocked at index: https://www.centene.com/news/ahip-partnerships-prior-authorization_progress.html (HTTP 200, evidence: captcha)
11:38:43 WARNING payer.blocked      Centene | automated access blocked at index: https://centene.com/ (HTTP 200, evidence: captcha)
11:38:44 INFO  doc.found          UHC | Arizona Long Term Care Prior Authorization Requirements Effective June 1, 2026 - UnitedHealthcare Community Plan of Arizona -> https://www.uhcprovider.com/content/dam/provider/docs/public/commplan/az/prior-authorization/AZ-UHCCP-LTC-Prior-Authorization-6-1-26.pdf
11:38:44 WARNING payer.blocked      Centene | automated access blocked at index: https://www.centene.com/news/prior-authorization-advancing-standardization-ahip.html (HTTP 200, evidence: captcha)
11:38:44 INFO  payer.done         Centene Corporation | Centene Corporation: attempted=0 found=0 failed=0 skipped_robots=0 dupes_collapsed=0 elapsed_s=6.2 [BLOCKED]
11:38:44 INFO  payer.start        Geisinger | starting Geisinger Health Plan from hint host geisinger.org
11:38:45 INFO  doc.found          UHC | Behavioral health prior authorization requirements for Rocky Mountain Health plans RAE/PRIME effective July 1, 2026 -> https://www.uhcprovider.com/content/dam/provider/docs/public/commplan/co/prior-auth/CO-RMHP-RAE-Prime-BH-Prior-Auth-07-1-2026.pdf
11:38:46 INFO  doc.found          Cigna | Cigna Essential 5 Tier Prescription Drug List CO [PDF] -> https://www.cigna.com/static/www-cigna-com/docs/ifp/m-26-rx-co-989873-cigna-rx-essential-5-tier-pdl.pdf
11:38:46 INFO  doc.found          UHC | Behavioral health prior authorization requirements for Northeast Health Partners RAE 2 Medicaid- UnitedHealthcare Community Plan of Colorado -> https://www.uhcprovider.com/content/dam/provider/docs/public/commplan/co/prior-auth/CO-BH-NHP-RAE-EPAL-07-2026.pdf
11:38:47 INFO  robots.loaded      Geisinger Health Plan | https://geisinger.org/robots.txt -> HTTP 200; 0 rule(s), 0 sitemap(s)
11:38:48 INFO  doc.found          Cigna | Cigna Plus 5 Tier Prescription Drug List GA [PDF] -> https://www.cigna.com/static/www-cigna-com/docs/ifp/m-26-rx-ga-989876-cigna-rx-plus-5-tier-pdl.pdf
11:38:48 INFO  doc.found          Cigna | Cigna Plus 5 Tier Prescription Drug List FL [PDF] -> https://www.cigna.com/static/www-cigna-com/docs/ifp/m-26-rx-fl-989875-cigna-rx-plus-5-tier-pdl.pdf
11:38:48 INFO  doc.found          UHC | Behavioral health prior authorization requirements for Rocky Mountain Health plans RAE/PRIME effective April 1, 2026 -> https://www.uhcprovider.com/content/dam/provider/docs/public/commplan/co/prior-auth/CO-RMHP-RAE-Prime-BH-Prior-Auth-04-1-2026.pdf
11:38:50 INFO  doc.found          Cigna | Cigna Plus 5 Tier Prescription Drug List IL [PDF] -> https://www.cigna.com/static/www-cigna-com/docs/ifp/m-26-rx-il-989878-cigna-rx-plus-5-tier-pdl.pdf
11:38:50 INFO  sitemap.parsed     Geisinger | https://geisinger.org/sitemap.xml -> 0 entries
11:38:50 INFO  doc.found          UHC | Behavioral health prior authorization requirements for Northeast Health Partners RAE 2 Medicaid- UnitedHealthcare Community Plan of Colorado -> https://www.uhcprovider.com/content/dam/provider/docs/public/commplan/co/prior-auth/CO-BH-NHP-RAE-EPAL-04-2026.pdf
11:38:51 INFO  doc.found          Cigna | Cigna Premiere 5 Tier Prescription Drug List IN [PDF] -> https://www.cigna.com/static/www-cigna-com/docs/ifp/m-26-rx-in-989890-cigna-rx-premiere-5-tier-pdl.pdf
11:38:51 INFO  sitemap.parsed     Geisinger | https://geisinger.org/sitemap_index.xml -> 0 entries
11:38:52 INFO  doc.found          UHC | UnitedHealthcare Community Plan Prior Authorization Requirements Florida - Effective July 1, 2026 -> https://www.uhcprovider.com/content/dam/provider/docs/public/commplan/fl/prior-auth/FL-UHCCP-Prior-Authorization-Effective-7-1-2026.pdf
11:38:52 INFO  doc.found          Cigna | Cigna Plus 5 Tier Prescription Drug List MS [PDF] -> https://www.cigna.com/static/www-cigna-com/docs/ifp/m-26-rx-ms-989880-cigna-rx-plus-5-tier-pdl.pdf
11:38:53 INFO  doc.found          UHC | Prior Authorization Request Form - UnitedHealthcare Community Plan of Hawaii -> https://www.uhcprovider.com/content/dam/provider/docs/public/commplan/hi/prior-authorization/HI-UHCCP-Prior-Authorization-Request-Form.pdf
11:38:53 INFO  doc.found          UHC | Prior Authorization Requirements for Hawaii Medicaid - Effective July 1, 2026 -> https://www.uhcprovider.com/content/dam/provider/docs/public/commplan/hi/prior-authorization/HI-UHCCP-Prior-Authorization-Effective-7-1-2026.pdf
11:38:53 INFO  sitemap.parsed     Geisinger | https://geisinger.org/sitemap-index.xml -> 0 entries
11:38:54 INFO  doc.found          Cigna | Cigna Plus 5 Tier Prescription Drug List TN [PDF] -> https://www.cigna.com/static/www-cigna-com/docs/ifp/m-26-rx-tn-989884-cigna-rx-plus-5-tier-pdl.pdf
11:38:54 INFO  doc.found          Cigna | Cigna Plus 5 Tier Prescription Drug List NC [PDF] -> https://www.cigna.com/static/www-cigna-com/docs/ifp/m-26-rx-nc-989882-cigna-rx-plus-5-tier-pdl.pdf
11:38:54 INFO  doc.found          UHC | Air Transportation, Lodging and Meals Prior Authorization Fax Request Form for Hawaii - UnitedHealthcare Community Plan of Hawaii -> https://www.uhcprovider.com/content/dam/provider/docs/public/commplan/hi/prior-authorization/HI-UHCCP-Air-Lodging-Meals-Request-Form.pdf
11:38:55 INFO  sitemap.parsed     Geisinger | https://geisinger.org/sitemap.xml.gz -> 0 entries
11:38:55 INFO  doc.found          UHC | UnitedHealthcare Hoosier Care Connect Prior Authorization Statistics for 2025 -> https://www.uhcprovider.com/content/dam/provider/docs/public/commplan/in/priorauth/Indiana-SEA480-Prior-Auth-Activity-2025.pdf
11:38:56 INFO  sitemap.parsed     Geisinger | https://geisinger.org/sitemaps/sitemap.xml -> 0 entries
11:38:57 INFO  doc.found          UHC | UnitedHealthcare Community Plan Prior Authorization Kansas - Effective July 1, 2026 -> https://www.uhcprovider.com/content/dam/provider/docs/public/commplan/ks/prior-authorization/KS-UHCCP-Prior-Authorization-Effective-7-1-2026.pdf
11:38:57 INFO  doc.found          UHC | UnitedHealthcare Community Plan Prior Authorization Requirements for Kentucky - Effective July 1, 2026 -> https://www.uhcprovider.com/content/dam/provider/docs/public/commplan/ky/pa/KY-Prior-Auth-7-1-2026.pdf
11:38:58 INFO  sitemap.parsed     Geisinger | https://geisinger.org/sitemap/sitemap-index.xml -> 0 entries
11:38:59 INFO  doc.found          UHC | UnitedHealthcare Community Plan Prior Authorization Requirements for Louisiana Medicaid - Effective Jan 1, 2026 -> https://www.uhcprovider.com/content/dam/provider/docs/public/commplan/la/prior-authorization/LA-UHCCP-Prior-Auth-1-1-2026.pdf
11:39:00 INFO  index.crawled      Geisinger | https://d1k9mvmg2wtslx.cloudfront.net/geisinger/maintenance.htm?_event_transid=3ca77bac97db83e825b9a02b6b6fc443e8d9bf2aab083da251af093fa6386f1a -> 3 link(s)
11:39:02 INFO  doc.found          UHC | Prior Authorization Requirements for Maryland - Effective Sept. 1, 2026 - UnitedHealthcare Community Plan of Maryland -> https://www.uhcprovider.com/content/dam/provider/docs/public/commplan/md/prior-authorization/MD-UHCCP-Prior-Authorization-Effective-9-1-2026.pdf
11:39:02 INFO  index.crawled      Geisinger | https://d1k9mvmg2wtslx.cloudfront.net/geisinger/maintenance.htm?_event_transid=16de59c75a9f8b0add465c1e5a4da9ea4bb863722847c98e18fc3eb0938ffea5 -> 3 link(s)
11:39:02 INFO  doc.found          Cigna | Cigna Premiere 5 Tier Prescription Drug List VA [PDF] -> https://www.cigna.com/static/www-cigna-com/docs/ifp/m-26-rx-va-989892-cigna-rx-premiere-5-tier-pdl.pdf
11:39:03 INFO  doc.found          Cigna | Cigna Premiere 4 Tier Prescription Drug List AZ [PDF] -> https://www.cigna.com/static/www-cigna-com/docs/ifp/m-26-rx-az-989887-cigna-rx-premiere-4-tier-pdl.pdf
11:39:04 INFO  index.crawled      Geisinger | https://d1k9mvmg2wtslx.cloudfront.net/geisinger/maintenance.htm?_event_transid=16de59c75a9f8b0add465c1e5a4da9ea0ce9d522a68ecf60ef9b24ac2d4105ef -> 3 link(s)
11:39:04 INFO  payer.done         Geisinger Health Plan | Geisinger Health Plan: attempted=0 found=0 failed=0 skipped_robots=0 dupes_collapsed=0 elapsed_s=19.9
11:39:04 INFO  payer.start        Highmark | starting Highmark from hint host highmark.com
11:39:04 INFO  doc.found          UHC | Prior Authorization Requirements for Massachusetts Senior Care Options - Effective Nov 1, 2025 -> https://www.uhcprovider.com/content/dam/provider/docs/public/commplan/ma/prior-authorization-and-notification/MA-UHCCP-Prior-Authorization-11-1-2025.pdf
11:39:05 INFO  doc.found          Cigna | Cigna Plus 5 Tier Prescription Drug List TX [PDF] -> https://www.cigna.com/static/www-cigna-com/docs/ifp/m-26-rx-tx-989886-cigna-rx-plus-5-tier-pdl.pdf
11:39:06 INFO  doc.found          Cigna | Cigna Plus 4 Tier Prescription Drug List IL [PDF] -> https://www.cigna.com/static/www-cigna-com/docs/ifp/m-26-rx-il-989877-cigna-rx-plus-4-tier-pdl.pdf
11:39:06 INFO  doc.found          UHC | Prior Authorization Requirements for Massachusetts Senior Care Options - Effective Oct 1, 2025 -> https://www.uhcprovider.com/content/dam/provider/docs/public/commplan/ma/prior-authorization-and-notification/MA-UHCCP-Prior-Authorization-10-1-2025.pdf
11:39:07 INFO  doc.found          UHC | Prior Authorization Requirements for Massachusetts Senior Care Options - Effective April 1, 2025 -> https://www.uhcprovider.com/content/dam/provider/docs/public/commplan/ma/prior-authorization-and-notification/MA-UHCCP-Prior-Authorization-Effective-4-1-2025.pdf
11:39:08 INFO  doc.found          UHC | Prior authorization requirements for Massachusetts OneCare - Effective March 1, 2025 -> https://www.uhcprovider.com/content/dam/provider/docs/public/commplan/ma/prior-authorization-and-notification/MA-UHCCP-Prior-Authorization-Effective-3-1-2025.pdf
11:39:08 INFO  doc.found          UHC | Prior Authorization Requirements for Massachusetts Senior Care Options - Effective July 1, 2025 -> https://www.uhcprovider.com/content/dam/provider/docs/public/commplan/ma/prior-authorization-and-notification/MA-UHCCP-Prior-Authorization-7-1-2025.pdf
11:39:08 INFO  doc.found          Cigna | Cigna Plus 4 Tier Prescription Drug List FL [PDF] -> https://www.cigna.com/static/www-cigna-com/docs/ifp/m-26-rx-fl-989874-cigna-rx-plus-4-tier-pdl.pdf
11:39:08 INFO  doc.found          Cigna | Cigna Premiere 4 Tier Prescription Drug List IN [PDF] -> https://www.cigna.com/static/www-cigna-com/docs/ifp/m-26-rx-in-989889-cigna-rx-premiere-4-tier-pdl.pdf
11:39:09 INFO  doc.found          UHC | Prior authorization requirements for Massachusetts OneCare - Effective February 1, 2025 -> https://www.uhcprovider.com/content/dam/provider/docs/public/commplan/ma/prior-authorization-and-notification/MA-UHCCP-Prior-Authorization-Effective-2-1-2025.pdf
11:39:10 INFO  robots.loaded      Highmark | https://highmark.com/robots.txt -> HTTP 200; 6 rule(s), 1 sitemap(s)
11:39:11 INFO  doc.found          UHC | Prior authorization requirements for Massachusetts OneCare - Effective December 1, 2024 -> https://www.uhcprovider.com/content/dam/provider/docs/public/commplan/ma/prior-authorization-and-notification/MA-UHCCP-Prior-Authorization-Effective-12-1-2024.pdf
11:39:11 INFO  doc.found          Cigna | Cigna Plus 4 Tier Prescription Drug List NC [PDF] -> https://www.cigna.com/static/www-cigna-com/docs/ifp/m-26-rx-nc-989881-cigna-rx-plus-4-tier-pdl.pdf
11:39:12 INFO  doc.found          UHC | Prior Authorization Requirements for Massachusetts Senior Care Options - Effective November 1, 2024 -> https://www.uhcprovider.com/content/dam/provider/docs/public/commplan/ma/prior-authorization-and-notification/MA-UHCCP-Prior-Authorization-Effective-11-1-2024.pdf
11:39:12 INFO  robots.loaded      Highmark | https://www.highmark.com/robots.txt -> HTTP 200; 6 rule(s), 1 sitemap(s)
11:39:13 INFO  sitemap.parsed     Highmark | https://www.highmark.com/sitemap.xml -> 1415 entries
11:39:13 INFO  doc.found          UHC | Prior Authorization Requirements for Massachusetts Senior Care Options - Effective October 1, 2024 -> https://www.uhcprovider.com/content/dam/provider/docs/public/commplan/ma/prior-authorization-and-notification/MA-UHCCP-Prior-Authorization-Effective-10-1-2024.pdf
11:39:14 INFO  doc.found          Cigna | Cigna Plus 4 Tier Prescription Drug List MS [PDF] -> https://www.cigna.com/static/www-cigna-com/docs/ifp/m-26-rx-ms-989879-cigna-rx-plus-4-tier-pdl.pdf
11:39:14 INFO  index.crawled      Highmark | https://highmark.com/western-pennsylvania/medical-policy -> 94 link(s)
11:39:14 INFO  doc.found          UHC | Prior authorization requirements for Massachusetts OneCare - Effective Nov 1, 2025 -> https://www.uhcprovider.com/content/dam/provider/docs/public/commplan/ma/prior-authorization-and-notification/MA-UHCCP-OneCare-Prior-Authorization-11-1-2025.pdf
11:39:14 INFO  index.crawled      Highmark | https://www.highmark.com/western-pennsylvania/medical-policy -> 94 link(s)
11:39:15 INFO  doc.found          UHC | Prior authorization requirements for Massachusetts OneCare - Effective July 1, 2025 -> https://www.uhcprovider.com/content/dam/provider/docs/public/commplan/ma/prior-authorization-and-notification/MA-UHCCP-OneCare-Prior-Authorization-7-1-2025.pdf
11:39:15 INFO  index.crawled      Highmark | https://www.highmark.com/western-pennsylvania/medical-policy/medical-policy-selection -> 95 link(s)
11:39:15 INFO  index.crawled      Highmark | https://highmark.com/central-pennsylvania/medical-policy -> 94 link(s)
11:39:16 INFO  index.crawled      Highmark | https://www.highmark.com/central-pennsylvania/medical-policy -> 94 link(s)
11:39:16 INFO  robots.loaded      Highmark | https://securecms.highmark.com/robots.txt -> HTTP 200; 0 rule(s), 0 sitemap(s)
11:39:17 INFO  doc.found          UHC | Prior authorization requirements for Massachusetts OneCare - Effective April 1, 2025 -> https://www.uhcprovider.com/content/dam/provider/docs/public/commplan/ma/prior-authorization-and-notification/MA-UHCCP-OneCare-Prior-Authorization-Effective-4-1-2025.pdf
11:39:17 INFO  index.crawled      Highmark | https://www.highmark.com/central-pennsylvania/medical-policy/medical-policy-selection -> 95 link(s)
11:39:18 INFO  doc.found          UHC | Prior authorization requirements for Massachusetts OneCare - Effective March 1, 2025 -> https://www.uhcprovider.com/content/dam/provider/docs/public/commplan/ma/prior-authorization-and-notification/MA-UHCCP-OneCare-Prior-Authorization-Effective-3-1-2025.pdf
11:39:18 INFO  index.crawled      Highmark | https://securecms.highmark.com/content/medpolicy/en/highmark/pa/commercial.html -> 27 link(s)
11:39:19 INFO  index.crawled      Highmark | https://www.highmark.com/southeastern-pennsylvania/medical-policy -> 94 link(s)
11:39:19 INFO  doc.found          UHC | Prior authorization requirements for Massachusetts OneCare - Effective February 1, 2025 -> https://www.uhcprovider.com/content/dam/provider/docs/public/commplan/ma/prior-authorization-and-notification/MA-UHCCP-OneCare-Prior-Authorization-Effective-2-1-2025.pdf
11:39:20 INFO  index.crawled      Highmark | https://highmark.com/content/digital-marketing/en/highmark/highmarkdotcom/home/western-pennsylvania/medical-policy -> 94 link(s)
11:39:21 INFO  index.crawled      Highmark | https://www.highmark.com/content/digital-marketing/en/highmark/highmarkdotcom/home/western-pennsylvania/medical-policy -> 94 link(s)
11:39:21 INFO  index.crawled      Highmark | https://securecms.highmark.com/content/medpolicy/en/highmark/pa/commercial/navigation/evicore-clinical-guidelines.html -> 32 link(s)
11:39:22 INFO  doc.found          Cigna | Cigna Plus 4 Tier Prescription Drug List TX [PDF] -> https://www.cigna.com/static/www-cigna-com/docs/ifp/m-26-rx-tx-989885-cigna-rx-plus-4-tier-pdl.pdf
11:39:23 INFO  doc.found          Cigna | Cigna Essential 4 Tier Prescription Drug List VA [PDF] -> https://www.cigna.com/static/www-cigna-com/docs/ifp/m-26-rx-va-989891-cigna-rx-premiere-4-tier-pdl.pdf
11:39:23 INFO  doc.found          UHC | Prior authorization requirements for Massachusetts OneCare - Effective December 1, 2024 -> https://www.uhcprovider.com/content/dam/provider/docs/public/commplan/ma/prior-authorization-and-notification/MA-UHCCP-OneCare-Prior-Authorization-Effective-12-1-2024.pdf
11:39:23 INFO  doc.found          Cigna | Cigna Plus 4 Tier Prescription Drug List TN [PDF] -> https://www.cigna.com/static/www-cigna-com/docs/ifp/m-26-rx-tn-989883-cigna-rx-plus-4-tier-pdl.pdf
11:39:23 INFO  index.crawled      Highmark | https://highmark.com/western-pennsylvania/medical-policy/medical-policy-selection?zg=false -> 95 link(s)
11:39:24 INFO  doc.found          Cigna | Arizona 5 Tier Pharmacy Drug List [PDF] -> https://www.cigna.com/static/www-cigna-com/docs/small-group/csg-26-rx-az-cigna-5-tier-pdl.pdf
11:39:24 INFO  index.crawled      Highmark | https://securecms.highmark.com/content/medpolicy/en/highmark/pa/commercial/search.html -> 27 link(s)
11:39:25 INFO  doc.found          UHC | Prior authorization requirements for Massachusetts OneCare - Effective November 1, 2024 -> https://www.uhcprovider.com/content/dam/provider/docs/public/commplan/ma/prior-authorization-and-notification/MA-UHCCP-OneCare-Prior-Authorization-Effective-11-1-2024.pdf
11:39:26 INFO  index.crawled      Highmark | https://www.highmark.com/western-pennsylvania/medical-policy.html?zg=false -> 94 link(s)
11:39:26 INFO  index.crawled      Highmark | https://securecms.highmark.com/content/medpolicy/en/highmark/pa/medicare-advantage/search.html -> 27 link(s)
11:39:26 INFO  index.crawled      Highmark | https://highmark.com/central-pennsylvania/medical-policy/medical-policy-selection?zg=false -> 95 link(s)
11:39:27 INFO  doc.found          Cigna | PPACA No Cost-Share Preventive Drug List [PDF] -> https://www.cigna.com/static/www-cigna-com/docs/ifp/hcr-prev-coverage-zero-dollar-ppaca-preventive.pdf
11:39:28 INFO  doc.found          UHC | UnitedHealthcare Community Plan Prior Authorization Requirements Michigan Medicaid, Healthy Michigan Plan (HMP), and Children’s Special Health Care Services (CSHCS) - Effective July 1, 2026 -> https://www.uhcprovider.com/content/dam/provider/docs/public/commplan/mi/prior-authorization/MI-UHCCP-PA-Medicaid-Health-CSHCS-7-1-2026.pdf
11:39:28 INFO  doc.found          Cigna | Preventive Drug List for Cigna Healthcare Small Group Plans [PDF] -> https://www.cigna.com/static/www-cigna-com/docs/small-group/csg-26-rx-all-ga-tn-preventive-drug-list.pdf
11:39:28 INFO  doc.found          UHC | Michigan 2025 annual prior authorization summary - UnitedHealthcare Community Plan of Michigan -> https://www.uhcprovider.com/content/dam/provider/docs/public/commplan/mi/prior-authorization/MI-UHCCP-PA-Summary-2025.pdf
11:39:28 INFO  doc.found          Cigna | Georgia 5 Tier Pharmacy Drug List [PDF] -> https://www.cigna.com/static/www-cigna-com/docs/small-group/csg-26-rx-ga-cigna-5-tier-pdl.pdf
11:39:29 INFO  doc.found          UHC | Prior authorization requirements for Massachusetts OneCare - Effective October 1, 2024 -> https://www.uhcprovider.com/content/dam/provider/docs/public/commplan/ma/prior-authorization-and-notification/MA-UHCCP-OneCare-Prior-Authorization-Effective-10-1-2024.pdf
11:39:29 INFO  doc.found          UHC | Prior Authorization Requirements for Minnesota Metro Medicaid - Effective October 1, 2024 - UnitedHealthcare Community Plan of Minnesota -> https://www.uhcprovider.com/content/dam/provider/docs/public/commplan/mn/prior-auth/MN-UHCCP-Prior-Auth-Eff-10-1-2024.pdf
11:39:29 INFO  doc.found          UHC | UnitedHealthcare Community Plan Prior Authorization MississippiCAN - Effective April 1, 2025 -> https://www.uhcprovider.com/content/dam/provider/docs/public/commplan/ms/prior-authorization-and-notification/MS-CAN-eff-4-1-25.pdf
11:39:30 INFO  index.crawled      Highmark | https://www.highmark.com/western-pennsylvania/medical-policy/medical-policy-selection?zg=false -> 95 link(s)
11:39:30 INFO  doc.found          Cigna | Tennessee 5 Tier Pharmacy Drug List [PDF] -> https://www.cigna.com/static/www-cigna-com/docs/small-group/csg-26-rx-tn-cigna-5-tier-pdl.pdf
11:39:30 INFO  index.crawled      Highmark | https://www.highmark.com/central-pennsylvania/medical-policy/medical-policy-selection?zg=false -> 95 link(s)
11:39:30 INFO  index.crawled      Highmark | https://www.highmark.com/southeastern-pennsylvania/medical-policy/medical-policy-selection?zg=false -> 95 link(s)
11:39:30 INFO  doc.found          UHC | UnitedHealthcare Community Plan Prior Authorization Mississippi CHIP - Effective April 1, 2025 -> https://www.uhcprovider.com/content/dam/provider/docs/public/commplan/ms/prior-authorization-and-notification/MS-CHIP-eff-4-1-25.pdf
11:39:31 INFO  index.crawled      Highmark | https://www.highmark.com/southeastern-pennsylvania/medical-policy/medical-policy-selection -> 95 link(s)
11:39:32 INFO  doc.found          Cigna | PPACA No Cost-Share Preventive Drug List (for the Cigna National Preferred Drug List) [PDF] -> https://www.cigna.com/static/www-cigna-com/docs/ifp/ppaca-zerodollar-prevcoverage-for-cnpf.pdf
11:39:32 INFO  index.crawled      Highmark | https://www.highmark.com/delaware/medical-policy -> 94 link(s)
11:39:32 INFO  doc.found          UHC | UnitedHealthcare Community Plan Prior Authorization Mississippi CHIP - Effective March 1, 2025 -> https://www.uhcprovider.com/content/dam/provider/docs/public/commplan/ms/prior-authorization-and-notification/MS-CHIP-eff-3-1-25.pdf
11:39:33 INFO  index.crawled      Highmark | https://www.highmark.com/delaware/medical-policy/medical-policy-selection -> 95 link(s)
11:39:33 INFO  doc.found          Cigna | Preventive Generics Drug List [PDF] -> https://www.cigna.com/static/www-cigna-com/docs/ifp/generic-preventive.pdf
11:39:33 INFO  doc.found          UHC | UnitedHealthcare Community Plan Prior Authorization Mississippi CHIP - Effective February 1, 2025 -> https://www.uhcprovider.com/content/dam/provider/docs/public/commplan/ms/prior-authorization-and-notification/MS-CHIP-eff-2-1-25.pdf
11:39:34 INFO  index.crawled      Highmark | https://www.highmark.com/west-virginia/medical-policy -> 94 link(s)
11:39:34 INFO  doc.found          Cigna | Preventive Generics Drug List – Standard (for the Cigna National Preferred Drug List) [PDF] -> https://www.cigna.com/static/www-cigna-com/docs/ifp/genericpreventive-standard-for-cnpf.pdf
11:39:35 INFO  doc.found          Cigna | Preventive Generics Drug List – Standard Plus (for the Cigna National Preferred Drug List) [PDF] -> https://www.cigna.com/static/www-cigna-com/docs/ifp/genericpreventive-standardplus-for-cnpf.pdf
11:39:35 INFO  doc.found          UHC | UnitedHealthcare Community Plan Prior Authorization Mississippi CHIP - Effective October 1, 2024 -> https://www.uhcprovider.com/content/dam/provider/docs/public/commplan/ms/prior-authorization-and-notification/MS-CHIP-eff-10-1-24.pdf
11:39:35 INFO  doc.found          UHC | UnitedHealthcare Community Plan Prior Authorization Mississippi CHIP - Effective January 1, 2025 -> https://www.uhcprovider.com/content/dam/provider/docs/public/commplan/ms/prior-authorization-and-notification/MS-CHIP-eff-1-1-25.pdf
11:39:35 INFO  index.crawled      Highmark | https://www.highmark.com/west-virginia/medical-policy/medical-policy-selection -> 95 link(s)
11:39:35 INFO  index.crawled      Highmark | https://www.highmark.com/content/digital-marketing/en/highmark/highmarkdotcom/home/delaware/medical-policy/medical-policy-selection -> 95 link(s)
11:39:36 INFO  doc.found          Cigna | Preventive Generics and Preferred Brands Drug List (for the Cigna Standard and Performance Drug Lists) [PDF] -> https://www.cigna.com/static/www-cigna-com/docs/ifp/prev-gen-and-pb-for-std-perf.pdf
11:39:36 INFO  index.crawled      Highmark | https://securecms.highmark.com/content/medpolicy/en/highmark/de/commercial/search.html -> 29 link(s)
11:39:36 INFO  doc.found          UHC | UnitedHealthcare Community Plan Prior Authorization Mississippi CHIP - Effective August 1, 2024 -> https://www.uhcprovider.com/content/dam/provider/docs/public/commplan/ms/prior-authorization-and-notification/MS-CHIP-eff-8-1-24.pdf
11:39:37 INFO  index.crawled      Highmark | https://securecms.highmark.com/content/medpolicy/en/highmark/de/medicare-advantage/search.html -> 27 link(s)
11:39:37 INFO  index.crawled      Highmark | https://www.highmark.com/west-virginia/medical-policy/medical-policy-selection?zg=false -> 95 link(s)
11:39:38 INFO  doc.found          Cigna | Preventive Generics and Preferred Brands Drug List (for the Cigna Value and Advantage Drug Lists) [PDF] -> https://www.cigna.com/static/www-cigna-com/docs/ifp/prev-gen-and-pb-for-value-adv.pdf
11:39:38 INFO  doc.found          UHC | UnitedHealthcare Community Plan Prior Authorization MississippiCAN - Effective March 1, 2025 -> https://www.uhcprovider.com/content/dam/provider/docs/public/commplan/ms/prior-authorization-and-notification/MS-CAN-eff-3-1-25.pdf
11:39:38 INFO  index.crawled      Highmark | https://securecms.highmark.com/content/medpolicy/en/highmark/wv/commercial/search.html -> 28 link(s)
11:39:38 INFO  index.crawled      Highmark | https://www.highmark.com/northeastern-pennsylvania/medical-policy -> 94 link(s)
11:39:39 INFO  doc.found          UHC | UnitedHealthcare Community Plan Prior Authorization MississippiCAN - Effective February 1, 2025 -> https://www.uhcprovider.com/content/dam/provider/docs/public/commplan/ms/prior-authorization-and-notification/MS-CAN-eff-2-1-25.pdf
11:39:39 INFO  doc.found          Cigna | Preventive Generics and Preferred Brands Drug List (for the Cigna Legacy (Standard) and Legacy (Performance) Drug Lists) [PDF] -> https://www.cigna.com/static/www-cigna-com/docs/ifp/prev-gen-and-pb-for-legacy.pdf
11:39:39 INFO  index.crawled      Highmark | https://securecms.highmark.com/content/medpolicy/en/highmark/wv/medicare-advantage/search.html -> 27 link(s)
11:39:39 INFO  index.crawled      Highmark | https://www.highmark.com/northeastern-pennsylvania/medical-policy/medical-policy-selection -> 95 link(s)
11:39:40 INFO  doc.found          Cigna | All Preventives Drug List (for the Cigna Standard and Performance Drug Lists) [PDF] -> https://www.cigna.com/static/www-cigna-com/docs/ifp/all-prev-std-perf.pdf
11:39:40 INFO  doc.found          UHC | UnitedHealthcare Community Plan Prior Authorization MississippiCAN - Effective January 1, 2025 -> https://www.uhcprovider.com/content/dam/provider/docs/public/commplan/ms/prior-authorization-and-notification/MS-CAN-eff-1-1-25.pdf
11:39:40 INFO  index.crawled      Highmark | https://securecms.highmark.com/content/medpolicy/en/highmark/de/commercial/navigation/evicore-clinical-guidelines.html -> 34 link(s)
11:39:41 INFO  doc.found          Cigna | All Preventives Drug List (for the Cigna Legacy (Standard) and Legacy (Performance) Drug Lists) [PDF] -> https://www.cigna.com/static/www-cigna-com/docs/ifp/all-prev-legacy.pdf
11:39:42 INFO  index.crawled      Highmark | https://securecms.highmark.com/content/medpolicy/en/highmark/wv/commercial/navigation/evicore-clinical-guidelines.html -> 33 link(s)
11:39:42 INFO  index.crawled      Highmark | https://www.highmark.com/western-new-york/medical-policy -> 94 link(s)
11:39:42 INFO  doc.found          Cigna | All Preventives Drug List (for the Cigna Value and Advantage Drug Lists) [PDF] -> https://www.cigna.com/static/www-cigna-com/docs/ifp/all-prev-value-adv.pdf
11:39:43 INFO  doc.found          UHC | UnitedHealthcare Community Plan Prior Authorization MississippiCAN - Effective October 1, 2024 -> https://www.uhcprovider.com/content/dam/provider/docs/public/commplan/ms/prior-authorization-and-notification/MS-CAN-eff-10-1-24.pdf
11:39:43 INFO  index.crawled      Highmark | https://www.highmark.com/northeastern-pennsylvania/medical-policy/medical-policy-selection?zg=false -> 95 link(s)
11:39:43 INFO  index.crawled      Highmark | https://www.highmark.com/western-new-york/medical-policy/medical-policy-selection -> 95 link(s)
11:39:43 INFO  doc.found          UHC | UnitedHealthcare Community Plan Prior Authorization MississippiCAN - Effective August 1, 2024 -> https://www.uhcprovider.com/content/dam/provider/docs/public/commplan/ms/prior-authorization-and-notification/MS-CAN-eff-8-1-24.pdf
11:39:43 INFO  doc.found          Cigna | All Preventives Drug List – Standard (for the Cigna National Preferred Drug List) [PDF] -> https://www.cigna.com/static/www-cigna-com/docs/ifp/all-prev-standard-for-cnpf.pdf
11:39:44 INFO  index.crawled      Highmark | https://www.highmark.com/northeastern-new-york/medical-policy -> 94 link(s)
11:39:44 INFO  doc.found          Cigna | All Preventives Drug List – Standard Plus (for the Cigna National Preferred Drug List) [PDF] -> https://www.cigna.com/static/www-cigna-com/docs/ifp/all-prev-standardplus-for-cnpf.pdf
11:39:44 INFO  doc.found          UHC | Mississippi Annual Prior Authorization Summary 2025 -> https://www.uhcprovider.com/content/dam/provider/docs/public/commplan/ms/prior-authorization-and-notification/MS-2025-UHC-Prior-Authorization-Data.pdf
11:39:45 INFO  index.crawled      Highmark | https://www.highmark.com/northeastern-new-york/medical-policy/medical-policy-selection -> 95 link(s)
11:39:45 INFO  doc.found          UHC | commplan/ms/prior-authorization-and-notification -> https://www.uhcprovider.com/content/dam/provider/docs/public/commplan/ms/prior-authorization-and-notification/MS-2024-UHC-Prior-Authorization-Data.pdf
11:39:45 INFO  doc.found          Cigna | Preventive Generics and Preferred Brands Drug List - Standard (for the Cigna National Preferred Drug List) [PDF] -> https://www.cigna.com/static/www-cigna-com/docs/ifp/prev-gen-and-pb-standard-for-cnpf.pdf
11:39:46 WARNING fetch.failed       https://anthem.com/robots.txt failed after 4 attempt(s): ReadTimeout:
11:39:46 INFO  robots.loaded      Elevance Health (Anthem) | https://anthem.com/robots.txt -> HTTP 0; 0 rule(s), 0 sitemap(s)
11:39:46 WARNING payer.blocked      Anthem | automated access blocked at robots.txt: https://anthem.com/robots.txt (HTTP 0); robots.txt unreachable (ReadTimeout:); assuming disallowed
11:39:46 INFO  robots.blocked     Anthem | skipping https://anthem.com/sitemap.xml (robots.txt unreachable (ReadTimeout:); assuming disallowed)
11:39:46 INFO  robots.blocked     Anthem | skipping https://anthem.com/sitemap_index.xml (robots.txt unreachable (ReadTimeout:); assuming disallowed)
11:39:46 INFO  robots.blocked     Anthem | skipping https://anthem.com/sitemap-index.xml (robots.txt unreachable (ReadTimeout:); assuming disallowed)
11:39:46 INFO  robots.blocked     Anthem | skipping https://anthem.com/sitemap.xml.gz (robots.txt unreachable (ReadTimeout:); assuming disallowed)
11:39:46 INFO  robots.blocked     Anthem | skipping https://anthem.com/sitemaps/sitemap.xml (robots.txt unreachable (ReadTimeout:); assuming disallowed)
11:39:46 INFO  robots.blocked     Anthem | skipping https://anthem.com/sitemap/sitemap-index.xml (robots.txt unreachable (ReadTimeout:); assuming disallowed)
11:39:46 WARNING sitemap.none       Anthem | no usable sitemap found; falling back to seeded index pages
11:39:46 INFO  robots.blocked     Anthem | skipping https://anthem.com/provider/policies (robots.txt unreachable (ReadTimeout:); assuming disallowed)
11:39:46 INFO  robots.blocked     Anthem | skipping https://anthem.com/provider/policies/medical-policy (robots.txt unreachable (ReadTimeout:); assuming disallowed)
11:39:46 INFO  robots.blocked     Anthem | skipping https://anthem.com/ (robots.txt unreachable (ReadTimeout:); assuming disallowed)
11:39:46 INFO  payer.done         Elevance Health (Anthem) | Elevance Health (Anthem): attempted=0 found=0 failed=0 skipped_robots=9 dupes_collapsed=0 elapsed_s=119.5 [BLOCKED]
11:39:46 INFO  payer.start        BCBST | starting BlueCross BlueShield of Tennessee from hint host bcbst.com
11:39:46 INFO  index.crawled      Highmark | https://www.highmark.com/member/bcbs/medical-drug-formulary -> 100 link(s)
11:39:46 INFO  fetch.failed       https://bcbst.com/robots.txt -> HTTP 403 after 1 attempt(s)
11:39:46 INFO  robots.loaded      BlueCross BlueShield of Tennessee | https://bcbst.com/robots.txt -> HTTP 403; 0 rule(s), 0 sitemap(s)
11:39:46 WARNING payer.blocked      BCBST | automated access blocked at robots.txt: https://bcbst.com/robots.txt (HTTP 403); robots.txt returned HTTP 403; access to rules refused, assuming disallowed
11:39:46 INFO  robots.blocked     BCBST | skipping https://bcbst.com/sitemap.xml (robots.txt returned HTTP 403; access to rules refused, assuming disallowed)
11:39:46 INFO  robots.blocked     BCBST | skipping https://bcbst.com/sitemap_index.xml (robots.txt returned HTTP 403; access to rules refused, assuming disallowed)
11:39:46 INFO  robots.blocked     BCBST | skipping https://bcbst.com/sitemap-index.xml (robots.txt returned HTTP 403; access to rules refused, assuming disallowed)
11:39:46 INFO  robots.blocked     BCBST | skipping https://bcbst.com/sitemap.xml.gz (robots.txt returned HTTP 403; access to rules refused, assuming disallowed)
11:39:46 INFO  robots.blocked     BCBST | skipping https://bcbst.com/sitemaps/sitemap.xml (robots.txt returned HTTP 403; access to rules refused, assuming disallowed)
11:39:46 INFO  robots.blocked     BCBST | skipping https://bcbst.com/sitemap/sitemap-index.xml (robots.txt returned HTTP 403; access to rules refused, assuming disallowed)
11:39:46 WARNING sitemap.none       BCBST | no usable sitemap found; falling back to seeded index pages
11:39:46 INFO  robots.blocked     BCBST | skipping https://bcbst.com/providers/policies-guidelines (robots.txt returned HTTP 403; access to rules refused, assuming disallowed)
11:39:46 INFO  robots.blocked     BCBST | skipping https://bcbst.com/providers (robots.txt returned HTTP 403; access to rules refused, assuming disallowed)
11:39:46 INFO  robots.blocked     BCBST | skipping https://bcbst.com/ (robots.txt returned HTTP 403; access to rules refused, assuming disallowed)
11:39:46 INFO  payer.done         BlueCross BlueShield of Tennessee | BlueCross BlueShield of Tennessee: attempted=0 found=0 failed=0 skipped_robots=9 dupes_collapsed=0 elapsed_s=0.2 [BLOCKED]
11:39:46 INFO  doc.found          UHC | Prior authorization requirements for Missouri Medicaid effective July 1, 2026 -> https://www.uhcprovider.com/content/dam/provider/docs/public/commplan/mo/prior-authorization/MO-UHCCP-Prior-Authorization-7-1-2026.pdf
11:39:46 INFO  doc.found          Cigna | Preventive Generics and Preferred Brands Drug List - Standard Plus (for the Cigna National Preferred Drug List) [PDF] -> https://www.cigna.com/static/www-cigna-com/docs/ifp/prev-gen-and-pb-standardplus-for-cnpf.pdf
11:39:47 INFO  doc.found          Highmark | Highmark Inc. Policy Protecting Competitively Sensitive Information -> https://www.highmark.com/content/dam/digital-marketing/en/highmark/highmarkdotcom/pdfs/CSIPolicy.pdf
11:39:47 INFO  doc.found          Highmark | Highmark Inc. Policy Protecting Competitively Sensitive Information -> https://highmark.com/content/dam/digital-marketing/en/highmark/highmarkdotcom/pdfs/CSIPolicy.pdf
11:39:47 INFO  doc.found          UHC | UnitedHealthcare Community Plan Prior Authorization Requirements Nebraska - Effective July 1, 2026 -> https://www.uhcprovider.com/content/dam/provider/docs/public/commplan/ne/prior-authorization/NE-UHCCP-Prior-Authorization-Effective-7-1-2026.pdf
11:39:48 INFO  doc.found          Cigna | Preventive Diabetes Supplies (for the Standard, Value, Performance, and Advantage Drug Lists) [PDF] -> https://www.cigna.com/static/www-cigna-com/docs/ifp/diabetic-supplies-std-val-per-adv.pdf
11:39:48 INFO  doc.found          Highmark | Highmark's Preferred Products for Oncology and Oncology Related Conditions -> https://securecms.highmark.com/content/dam/medpolicy/en/highmark/evolent/HMK%20Preferred%20Products%20for%20Oncology%20.pdf
11:39:48 INFO  doc.found          Cigna | Preventive Diabetes Supplies (for the Legacy Standard and Legacy Performance Drug Lists) [PDF] -> https://www.cigna.com/static/www-cigna-com/docs/ifp/diabetic-supplies-legacy.pdf
11:39:48 INFO  robots.blocked     Cigna | skipping https://www.cigna.com/sites/default/files/docs/b2/master-precertification-list-for-providers.pdf (Disallow: /sites/)
11:39:48 INFO  robots.blocked     Cigna | skipping https://www.cigna.com/sites/default/files/docs/b4/master-precertification-list-codes-removed-for-providers.pdf (Disallow: /sites/)
11:39:48 INFO  doc.found          Cigna | CHCP - Resources - Coverage Policies -> https://static.cigna.com/assets/chcp/resourceLibrary/coveragePolicies/index.html
11:39:49 INFO  doc.found          UHC | UnitedHealthcare Community Plan Prior Authorization for New Jersey - Effective Sept. 1, 2026 -> https://www.uhcprovider.com/content/dam/provider/docs/public/commplan/nj/prior-authorization/NJ-UHCCP-Prior-Authorization-Effective-9.1.2026.pdf
11:39:50 INFO  doc.found          UHC | UnitedHealthcare Community Plan of New York Prior Authorization Requirements - Effective July 1, 2026 -> https://www.uhcprovider.com/content/dam/provider/docs/public/commplan/ny/prior-authorization-and-notification/NY-UHCCP-PA-Eff-7-1-2026.pdf
11:39:50 INFO  fetch.failed       https://providers.highmark.com/robots.txt -> HTTP 404 after 1 attempt(s)
11:39:50 INFO  robots.loaded      Highmark | https://providers.highmark.com/robots.txt -> HTTP 404; 0 rule(s), 0 sitemap(s)
11:39:50 INFO  doc.found          Cigna | Preventive Care Services -> https://static.cigna.com/assets/chcp/pdf/coveragePolicies/medical/ad_a004_administrativepolicy_preventive_care_services.pdf
11:39:51 INFO  doc.found          UHC | UnitedHealthcare Community Plan of North Carolina Prior Authorization Requirements - Effective July 1, 2026 -> https://www.uhcprovider.com/content/dam/provider/docs/public/commplan/nc/prior-authorization/NC-PA-7-1-2026.pdf
11:39:51 INFO  doc.found          UHC | UnitedHealthcare Community Plan of North Carolina Prior Authorization Requirements - Behavioral Health - Effective October 1, 2025 -> https://www.uhcprovider.com/content/dam/provider/docs/public/commplan/nc/prior-authorization/NC-BH-PA-10-1-2025.pdf
11:39:52 INFO  doc.found          Cigna | Copay Assurance Plan Drug List [PDF] -> https://www.cigna.com/static/www-cigna-com/docs/copay-assurance-plan-drug-list.pdf
11:39:52 INFO  doc.found          Highmark | Preferred Products for Medicare Advantage -> https://providers.highmark.com/content/dam/highmark/en/providerresourcecenter/pdfs/all/documents/pdfs/policies-and-programs/medical-policies/preferred-products-for-medicare-advantage.pdf
11:39:52 INFO  payer.done         Highmark | Highmark: attempted=4 found=4 failed=0 skipped_robots=0 dupes_collapsed=0 elapsed_s=48.4
11:39:53 INFO  doc.found          Cigna | Ver la Lista nacional de medicamentos con receta preferidos de Cigna Healthcare (en inglés) -> https://www.cigna.com/static/www-cigna-com/es-us/docs/individuals-families/member-resources/prescription/cigna-national-preferred-formulary-abridged.pdf
11:39:53 INFO  doc.found          Cigna | 2026 Prescription Drug List Changes [PDF] -> https://www.cigna.com/static/www-cigna-com/docs/2026-prescription-drug-list-changes.pdf
11:39:53 INFO  doc.found          Cigna | View the Cigna Healthcare National Preferred Formulary -> https://www.cigna.com/static/www-cigna-com/docs/individuals-families/member-resources/prescription/cigna-national-preferred-formulary-abridged.pdf
11:39:53 INFO  robots.loaded      Cigna Healthcare | https://legacy.cigna.com/robots.txt -> HTTP 200; 1 rule(s), 0 sitemap(s)
11:39:53 INFO  robots.blocked     Cigna | skipping https://legacy.cigna.com/static/www-cigna-com/docs/individuals-families/master-precertification-list-for-providers.pdf (Disallow: /)
11:39:53 INFO  doc.found          Cigna | Facility Contract Detail Form -> https://static.cigna.com/assets/chcp/pdf/resourceLibrary/behavioral/authorization-and-billing-resource.pdf
11:39:54 INFO  doc.found          UHC | Prior Authorization Requirements for Ohio - UnitedHealthcare Community Plan of Ohio - Effective Nov. 1, 2025 -> https://www.uhcprovider.com/content/dam/provider/docs/public/commplan/oh/prior-auth/OH-UHCCP-PA-Effective-11-1-2025.pdf
11:39:55 INFO  doc.found          UHC | UnitedHealthcare Community Plan of Ohio Medicaid Prior Authorization Requirements - Effective Jan. 1, 2025 -> https://www.uhcprovider.com/content/dam/provider/docs/public/commplan/oh/prior-auth/OH-UHCCP-PA-Effective-1-1-2025.pdf
11:39:55 INFO  doc.found          UHC | UnitedHealthcare Community Plan of Ohio Medicaid Prior Authorization Requirements - Effective Feb. 1, 2025 -> https://www.uhcprovider.com/content/dam/provider/docs/public/commplan/oh/prior-auth/OH-UHCCP-PA-Effective-2-1-2025.pdf
11:39:56 INFO  doc.found          Cigna | IFP Patient Assurance Program Flyer [PDF] -> https://www.cigna.com/static/www-cigna-com/docs/ifp/m-26-rx-all-971325-ifp-patient-assurance-program-flyer.pdf
11:39:57 INFO  doc.found          UHC | UnitedHealthcare Community Plan of Ohio Medicaid Prior Authorization Requirements - Effective Oct. 1, 2024 -> https://www.uhcprovider.com/content/dam/provider/docs/public/commplan/oh/prior-auth/OH-UHCCP-PA-Effective-10-1-2024.pdf
11:39:58 INFO  doc.found          Cigna | IFP Diabetes Care Supplies [PDF] -> https://www.cigna.com/static/www-cigna-com/docs/ifp/m-26-rx-all-971336-ifp-diabetes-care-supplies-customer-flyer.pdf
11:39:58 INFO  doc.found          UHC | UnitedHealthcare Community Plan Prior Authorization Requirements Rhode Island - Effective May 1, 2026 -> https://www.uhcprovider.com/content/dam/provider/docs/public/commplan/ri/prior-authorization-and-notification/RI-UHCCP-PA-5-1-26.pdf
11:39:58 INFO  doc.found          Cigna | IFP Diabetes Care Solutions [PDF] -> https://www.cigna.com/static/www-cigna-com/docs/ifp/m-26-fly-all-988099-ifp-diabetes-care-solutions-broker-customer-flyer.pdf
11:39:59 INFO  doc.found          Cigna | IFP Asthma/COPD Medication Copay Maximum–Select Plans Only Flyer [PDF] -> https://www.cigna.com/static/www-cigna-com/docs/ifp/m-26-rx-all-971331-ifp-asthma-copd-medication-copay-maximum-select-plans-only-flyer.pdf
11:39:59 INFO  doc.found          Cigna | IFP Cambios en la cobertura de medicamentos [PDF] -> https://www.cigna.com/static/www-cigna-com/es-us/docs/ifp/m-26-rx-all-989894-2026-ifp-prescription-drug-list-changes.pdf
11:39:59 INFO  doc.found          Cigna | IFP Heart Care Flyer [PDF] -> https://www.cigna.com/static/www-cigna-com/docs/ifp/m-26-rx-all-971330-ifp-heart-care-flyer.pdf
11:40:00 INFO  doc.found          UHC | UnitedHealthcare Community Plan Prior Authorization Requirements Tennessee - Effective Feb. 1, 2026 -> https://www.uhcprovider.com/content/dam/provider/docs/public/commplan/tn/prior-auth/TN-UHCCP-Prior-Auth-Effective-2-1-2026.pdf
11:40:01 INFO  doc.found          Cigna | Express Scripts Pharmacy Flyer [PDF] -> https://www.cigna.com/static/www-cigna-com/docs/ifp/m-26-rx-all-971314-express-scripts-pharmacy-flyer.pdf
11:40:01 INFO  doc.found          UHC | Application of Desensitizing Medicaments and Resins – Dental Clinical Policy -> https://www.uhcprovider.com/content/dam/provider/docs/public/policies/dental/application-medicaments-desensitizing-resins.pdf
11:40:01 INFO  doc.found          Cigna | Step Therapy - Frequently Asked Questions (FAQ) Flyer [PDF] -> https://www.cigna.com/static/www-cigna-com/docs/ifp/m-26-rx-all-971315-step-therapy-faq-flyer.pdf
11:40:02 INFO  doc.found          Cigna | Step Therapy - Plus/Premiere Flyer [PDF] -> https://www.cigna.com/static/www-cigna-com/docs/ifp/m-26-rx-all-971316-step-therapy-plus-premiere-flyer.pdf
11:40:03 INFO  doc.found          UHC | Bacterial, Viral, and Fungal Testing of Oral Infections – Dental Clinical Policy -> https://www.uhcprovider.com/content/dam/provider/docs/public/policies/dental/bacterial-viral-testing.pdf
11:40:03 INFO  doc.found          Cigna | Step Therapy - Essential Flyer (Colorado) [PDF] -> https://www.cigna.com/static/www-cigna-com/docs/ifp/m-26-rx-co-971317-step-therapy-essential-flyer.pdf
11:40:04 INFO  doc.found          UHC | Biologic Materials for Dental Indications – Dental Clinical Policy -> https://www.uhcprovider.com/content/dam/provider/docs/public/policies/dental/bio-materials-soft-hard-tissue-regeneration.pdf
11:40:04 INFO  doc.found          UHC | Bone Replacement Grafts – Dental Clinical Policy -> https://www.uhcprovider.com/content/dam/provider/docs/public/policies/dental/bone-replacement-grafts.pdf
11:40:04 INFO  doc.found          Cigna | Customer Placemat - Cigna 90 Now Flyer [PDF] -> https://www.cigna.com/static/www-cigna-com/docs/ifp/m-26-rx-all-971318-customer-placemat-cigna-90-now-flyer.pdf
11:40:05 INFO  doc.found          UHC | Cone Beam Computed Tomography – Dental Clinical Policy -> https://www.uhcprovider.com/content/dam/provider/docs/public/policies/dental/imaging-svcs-cone-beam-ct.pdf
11:40:05 INFO  doc.found          Cigna | Customer Placemat - Express Scripts Pharmacy (ESP) Flyer [PDF] -> https://www.cigna.com/static/www-cigna-com/docs/ifp/m-26-rx-all-971319-customer-placemat-esp-flyer.pdf
11:40:06 INFO  doc.found          Cigna | Voluntary Cigna 90 Now Flyer [PDF] -> https://www.cigna.com/static/www-cigna-com/docs/ifp/m-26-rx-all-971320-voluntary-cigna-90-now-flyer.pdf
11:40:07 INFO  doc.found          UHC | Core Buildup, Post and Core, and Pin Retention – Dental Clinical Policy -> https://www.uhcprovider.com/content/dam/provider/docs/public/policies/dental/core-buildup-post-core-pin-retention.pdf
11:40:07 INFO  doc.found          UHC | Coronal Splinting – Dental Clinical Policy -> https://www.uhcprovider.com/content/dam/provider/docs/public/policies/dental/coronal-splinting.pdf
11:40:07 INFO  doc.found          Cigna | Utilization Management Flyer [PDF] -> https://www.cigna.com/static/www-cigna-com/docs/ifp/m-26-rx-all-971321-utilization-management-flyer.pdf
11:40:08 INFO  doc.found          UHC | Dental Barrier Membrane Guided Tissue Regeneration – Dental Clinical Policy -> https://www.uhcprovider.com/content/dam/provider/docs/public/policies/dental/dental-barrier-membrane-guided-tissue-regeneration.pdf
11:40:08 INFO  doc.found          Cigna | Accredo Flyer [PDF] -> https://www.cigna.com/static/www-cigna-com/docs/ifp/m-26-rx-all-971324-accredo-flyer.pdf
11:40:09 INFO  doc.found          Cigna | Walgreens Advantage Flyer [PDF] -> https://www.cigna.com/static/www-cigna-com/docs/ifp/m-26-rx-all-971327-walgreens-advantage-flyer.pdf
11:40:10 INFO  doc.found          Cigna | Rx Benefits Overview Flyer - Walgreens Advantage Markets [PDF] -> https://www.cigna.com/static/www-cigna-com/docs/ifp/m-26-rx-all-971328-rx-benefits-overview-flyer-wag-advantage-markets.pdf
11:40:10 INFO  doc.found          UHC | Dental Care Services in an Operating Room or Ambulatory Surgery Center – Dental Clinical Policy -> https://www.uhcprovider.com/content/dam/provider/docs/public/policies/dental/dental-care-services-operating-room-ambulatory-surgery-center.pdf
11:40:11 INFO  doc.found          UHC | Dental Implant Placement and Treatment of Peri-Implant Defects/Disease – Dental Clinical Policy -> https://www.uhcprovider.com/content/dam/provider/docs/public/policies/dental/implants.pdf
11:40:11 INFO  doc.found          Cigna | Rx Benefits Overview Flyer - Cigna 90 Now [PDF] -> https://www.cigna.com/static/www-cigna-com/docs/ifp/m-26-rx-all-971329-rx-benefits-overview-flyer-cigna-90-now.pdf
11:40:12 INFO  doc.found          UHC | Dental Implant Supported Prostheses – Dental Clinical Policy -> https://www.uhcprovider.com/content/dam/provider/docs/public/policies/dental/dental-implant-supported-prostheses.pdf
11:40:13 INFO  doc.found          Cigna | IFP EnReachRx Customer Flyer [PDF] -> https://www.cigna.com/static/www-cigna-com/docs/ifp/m-26-rx-all-971332-ifp-enreachrx-customer-flyer.pdf
11:40:13 INFO  doc.found          UHC | Fixed Prosthodontics – Dental Clinical Policy -> https://www.uhcprovider.com/content/dam/provider/docs/public/policies/dental/fixed-prosthodontics.pdf
11:40:13 INFO  doc.found          UHC | Full Mouth Debridement – Dental Clinical Policy -> https://www.uhcprovider.com/content/dam/provider/docs/public/policies/dental/full-mouth-debridement.pdf
11:40:14 INFO  doc.found          Cigna | IFP EnGuide Pharmacy Customer Flyer [PDF] -> https://www.cigna.com/static/www-cigna-com/docs/ifp/m-26-rx-all-971333-ifp-enguide-pharmacy-customer-flyer.pdf
11:40:14 INFO  doc.found          Cigna | IFP Auto Refill at Home Delivery–Select Medications Flyer [PDF] -> https://www.cigna.com/static/www-cigna-com/docs/ifp/m-26-rx-all-971334-ifp-auto-refill-at-home-delivery%E2%80%93select-medications-flyer.pdf
11:40:15 INFO  doc.found          UHC | General Anesthesia and Conscious Sedation Services – Dental Clinical Policy -> https://www.uhcprovider.com/content/dam/provider/docs/public/policies/dental/general-anesthesia-conscious-sedation-svcs.pdf
11:40:16 INFO  doc.found          UHC | Genetic Testing for Oral Disease – Dental Clinical Policy -> https://www.uhcprovider.com/content/dam/provider/docs/public/policies/dental/genetic-testing-oral-disease.pdf
11:40:17 INFO  doc.found          Cigna | IFP PPACA No Cost-Share Preventive [PDF] -> https://www.cigna.com/static/www-cigna-com/docs/ifp/m-26-rx-all-989893-ifp-prevcoverage-no-cost-share-preventive.pdf
11:40:17 INFO  doc.found          UHC | In-Office Drug Administration and Dispensing of Medications – Dental Clinical Policy -> https://www.uhcprovider.com/content/dam/provider/docs/public/policies/dental/therapeutic-parenteral-drug-admin-in-office-dispensing-meds.pdf
11:40:18 INFO  doc.found          Cigna | 3 Tier [PDF] -> https://www.cigna.com/static/www-cigna-com/docs/ifp/standard-3-tier.pdf
11:40:19 INFO  doc.found          UHC | Medically Necessary Orthodontic Treatment – Dental Clinical Policy -> https://www.uhcprovider.com/content/dam/provider/docs/public/policies/dental/medically-necessary-orthodontic-treatment.pdf
11:40:19 INFO  doc.found          UHC | Labial Veneers – Dental Clinical Policy -> https://www.uhcprovider.com/content/dam/provider/docs/public/policies/dental/labial-veneers.pdf
11:40:20 INFO  doc.found          Cigna | 3 Tier [PDF] -> https://www.cigna.com/static/www-cigna-com/docs/ifp/value-3-tier.pdf
11:40:21 INFO  doc.found          UHC | Miscellaneous Diagnostic Procedures – Dental Clinical Policy -> https://www.uhcprovider.com/content/dam/provider/docs/public/policies/dental/miscellaneous-diagnostic-procedures.pdf
11:40:21 INFO  doc.found          Cigna | 4 Tier (all specialty medications covered on tier 4) [PDF] -> https://www.cigna.com/static/www-cigna-com/docs/ifp/standard-4-tier-spec.pdf
11:40:22 INFO  doc.found          UHC | Non-Ionizing Diagnostic Procedures – Dental Clinical Policy -> https://www.uhcprovider.com/content/dam/provider/docs/public/policies/dental/non-ionizing-diagnostic-procedures.pdf
11:40:23 INFO  doc.found          Cigna | 4 Tier (all specialty medications covered on tier 4) [PDF] -> https://www.cigna.com/static/www-cigna-com/docs/ifp/value-4-tier-spec.pdf
11:40:23 INFO  doc.found          UHC | Non-Surgical Endodontics – Dental Clinical Policy -> https://www.uhcprovider.com/content/dam/provider/docs/public/policies/dental/non-surgical-endodontics.pdf
11:40:23 INFO  doc.found          UHC | Non-Surgical Extractions – Dental Clinical Policy -> https://www.uhcprovider.com/content/dam/provider/docs/public/policies/dental/non-surgical-extractions.pdf
11:40:23 INFO  doc.found          Cigna | 3 Tier [PDF] -> https://www.cigna.com/static/www-cigna-com/docs/ifp/performance-3-tier.pdf
11:40:25 INFO  doc.found          Cigna | 4 Tier (all specialty medications covered on tier 4) [PDF] -> https://www.cigna.com/static/www-cigna-com/docs/ifp/performance-4tier-spec.pdf
11:40:25 INFO  doc.found          Cigna | 4 Tier (all specialty medications covered on tier 4) [PDF] -> https://www.cigna.com/static/www-cigna-com/docs/ifp/advantage-4-tier-spec.pdf
11:40:26 INFO  doc.found          UHC | Non-Surgical Periodontal Therapy – Dental Clinical Policy -> https://www.uhcprovider.com/content/dam/provider/docs/public/policies/dental/non-surgical-periodontal-therapy.pdf
11:40:26 INFO  doc.found          Cigna | 3 Tier [PDF] -> https://www.cigna.com/static/www-cigna-com/docs/ifp/advantage-3-tier.pdf
11:40:26 INFO  doc.found          UHC | Occlusal Guards – Dental Clinical Policy -> https://www.uhcprovider.com/content/dam/provider/docs/public/policies/dental/occlusal-guards.pdf
11:40:27 INFO  doc.found          UHC | Oral Surgery: Alveoloplasty and Vestibuloplasty – Dental Clinical Policy -> https://www.uhcprovider.com/content/dam/provider/docs/public/policies/dental/oral-surgery-alveoloplasty-vestibuloplasty.pdf
11:40:28 INFO  doc.found          Cigna | 3 Tier [PDF] -> https://www.cigna.com/static/www-cigna-com/docs/ifp/legacy-3-tier.pdf
11:40:28 INFO  doc.found          UHC | Oral Surgery: Miscellaneous Surgical Procedures – Dental Clinical Policy -> https://www.uhcprovider.com/content/dam/provider/docs/public/policies/dental/oral-surgery-miscellaneous-surgical-procedures.pdf
11:40:29 INFO  doc.found          Cigna | 4 Tier (all specialty medications covered on tier 4) [PDF] -> https://www.cigna.com/static/www-cigna-com/docs/ifp/legacy-4-tier-spec.pdf
11:40:30 INFO  doc.found          Cigna | 3 Tier [PDF] -> https://www.cigna.com/static/www-cigna-com/docs/ifp/legacy-performance-3-tier.pdf
11:40:30 INFO  doc.found          UHC | Oral Surgery: Non-Pathologic Excisional Procedures – Dental Clinical Policy -> https://www.uhcprovider.com/content/dam/provider/docs/public/policies/dental/oral-surgery-non-pathologic-excisional-procedures.pdf
11:40:31 INFO  doc.found          Cigna | 4 Tier (all specialty medications covered on tier 4) [PDF] -> https://www.cigna.com/static/www-cigna-com/docs/ifp/legacy-performance-4-tier.pdf
11:40:31 INFO  doc.found          UHC | Oral Surgery: Orthodontic Related Procedures – Dental Clinical Policy -> https://www.uhcprovider.com/content/dam/provider/docs/public/policies/dental/oral-surgery-orthodontic-related-procedures.pdf
11:40:31 INFO  doc.found          UHC | Other Restorative Procedures – Dental Clinical Policy -> https://www.uhcprovider.com/content/dam/provider/docs/public/policies/dental/other-restorative-procedures.pdf
11:40:31 INFO  doc.found          Cigna | 3 Tier [PDF] -> https://www.cigna.com/static/www-cigna-com/docs/ifp/total-savings-3-tier.pdf
11:40:32 INFO  doc.found          Cigna | Preventive Optional Categories [PDF] -> https://www.cigna.com/static/www-cigna-com/docs/ifp/prev-plus-optional-categories.pdf
11:40:33 INFO  doc.found          UHC | Prefabricated Crowns – Dental Clinical Policy -> https://www.uhcprovider.com/content/dam/provider/docs/public/policies/dental/prefabricated-crowns.pdf
11:40:33 INFO  doc.found          Cigna | 2026 PPACA No-Cost Share [PDF] -> https://www.cigna.com/static/www-cigna-com/docs/small-group/csg-26-rx-all-ppaca-no-cost-share-preventive.pdf
11:40:33 INFO  doc.found          UHC | Removable Prosthodontics – Dental Clinical Policy -> https://www.uhcprovider.com/content/dam/provider/docs/public/policies/dental/removable-prosthodontics.pdf
11:40:35 INFO  doc.found          UHC | Salivary Testing – Dental Clinical Policy -> https://www.uhcprovider.com/content/dam/provider/docs/public/policies/dental/salivary-testing.pdf
11:40:37 INFO  doc.found          UHC | Sealants and Hydroxyapatite Enamel Regeneration – Dental Clinical Policy -> https://www.uhcprovider.com/content/dam/provider/docs/public/policies/dental/sealants.pdf
11:40:38 INFO  doc.found          UHC | Single Tooth Direct Restorations – Dental Clinical Policy -> https://www.uhcprovider.com/content/dam/provider/docs/public/policies/dental/single-tooth-direct-restorations.pdf
11:40:39 INFO  doc.found          UHC | Single Tooth Indirect Restorations – Dental Clinical Policy -> https://www.uhcprovider.com/content/dam/provider/docs/public/policies/dental/single-tooth-indirect-restorations.pdf
11:40:39 INFO  doc.found          UHC | Space Maintenance – Dental Clinical Policy -> https://www.uhcprovider.com/content/dam/provider/docs/public/policies/dental/space-maintenance.pdf
11:40:41 INFO  doc.found          UHC | Surgical and Partial Extractions of Erupted Teeth and Removal of Retained Roots – Dental Clinical Policy -> https://www.uhcprovider.com/content/dam/provider/docs/public/policies/dental/surgical-extraction-erupted-teeth-retained-roots.pdf
11:40:42 INFO  doc.found          Cigna | California Standard 3 Tier* (CDI) [PDF] -> https://www.cigna.com/static/www-cigna-com/docs/ifp/ca-standard-3-tier-cdi.pdf
11:40:42 INFO  doc.found          UHC | Surgical Endodontics – Dental Clinical Policy -> https://www.uhcprovider.com/content/dam/provider/docs/public/policies/dental/surgical-endodontics.pdf
11:40:43 INFO  doc.found          UHC | Surgical Extraction of Impacted Teeth – Dental Clinical Policy -> https://www.uhcprovider.com/content/dam/provider/docs/public/policies/dental/surgical-extraction-impacted-teeth.pdf
11:40:45 INFO  doc.found          UHC | Surgical Periodontics: Mucogingival Procedures – Dental Clinical Policy -> https://www.uhcprovider.com/content/dam/provider/docs/public/policies/dental/surgical-periodontics-mucogingival-procedures.pdf
11:40:47 INFO  doc.found          UHC | Surgical Periodontics: Resective Procedures – Dental Clinical Policy -> https://www.uhcprovider.com/content/dam/provider/docs/public/policies/dental/surgical-periodontics-resective-procedures.pdf
11:40:48 INFO  doc.found          UHC | Topical Medicaments for Caries Prevention or Remineralization – Dental Clinical Policy -> https://www.uhcprovider.com/content/dam/provider/docs/public/policies/dental/topical-med-caries-prevention-remineralization.pdf
11:40:50 INFO  doc.found          UHC | National Standardized Dental Claim Review Guidelines (for Commercial Only) – Dental Review Guideline -> https://www.uhcprovider.com/content/dam/provider/docs/public/policies/dental/dental-utilization-review-guideline.pdf
11:40:50 INFO  doc.found          Cigna | California Standard 3 Tier* (DMHC) [PDF] -> https://www.cigna.com/static/www-cigna-com/docs/ifp/ca-standard-3-tier-dhmc.pdf
11:40:52 INFO  doc.found          UHC | National Standardized Dental Claim Review Guidelines (for Medicare Only) – Dental Review Guideline -> https://www.uhcprovider.com/content/dam/provider/docs/public/policies/dental/medicare-dental-utilization-review-guideline.pdf
11:40:52 INFO  doc.found          Cigna | California Standard 4 Tier* (all specialty medications covered on tier 4) (CDI) [PDF] -> https://www.cigna.com/static/www-cigna-com/docs/ifp/ca-standard-4-tier-spec-cdi.pdf
11:40:52 INFO  doc.found          Cigna | California Standard 4 Tier* (all specialty medications covered on tier 4) (DMHC) [PDF] -> https://www.cigna.com/static/www-cigna-com/docs/ifp/ca-standard-4-tier-spec-dhmc.pdf
11:40:53 INFO  doc.found          UHC | Allogeneic Processed Thymus Tissue-agdc (Rethymic®) – Clinical Guideline -> https://www.uhcprovider.com/content/dam/provider/docs/public/policies/clinical-guidelines/allogeneic-processed-thymus-tissue-agdc.pdf
11:40:54 INFO  doc.found          UHC | Asthma -> https://www.uhcprovider.com/content/dam/provider/docs/public/policies/clinical-guidelines/asthma.pdf
11:40:54 INFO  doc.found          UHC | Atrial Fibrillation – Clinical Guideline -> https://www.uhcprovider.com/content/dam/provider/docs/public/policies/clinical-guidelines/atrial-fibrillation.pdf
11:40:55 INFO  doc.found          Cigna | California Value 3 Tier* (DMHC) [PDF] -> https://www.cigna.com/static/www-cigna-com/docs/ifp/ca-value-3-tier-dhmc.pdf
11:40:55 INFO  doc.found          Cigna | California Value 3 Tier* (CDI) [PDF] -> https://www.cigna.com/static/www-cigna-com/docs/ifp/ca-value-3-tier-cdi.pdf
11:40:55 INFO  doc.found          UHC | Behavioral Health – Clinical Guideline -> https://www.uhcprovider.com/content/dam/provider/docs/public/policies/clinical-guidelines/behavioral-health.pdf
11:40:57 INFO  doc.found          Cigna | California Value 4 Tier* (all specialty medications covered on tier 4) (CDI) [PDF] -> https://www.cigna.com/static/www-cigna-com/docs/ifp/ca-value-4-tier-spec-cdi.pdf
11:40:57 INFO  doc.found          UHC | Cancer – Clinical Guideline -> https://www.uhcprovider.com/content/dam/provider/docs/public/policies/clinical-guidelines/cancer.pdf
11:40:58 INFO  doc.found          Cigna | California Value 4 Tier* (all specialty medications covered on tier 4) (DMHC) [PDF] -> https://www.cigna.com/static/www-cigna-com/docs/ifp/ca-value-4-tier-spec-dhmc.pdf
11:40:58 INFO  doc.found          UHC | Cardiovascular Disease: Primary Prevention – Clinical Guideline -> https://www.uhcprovider.com/content/dam/provider/docs/public/policies/clinical-guidelines/cardiovascular-primary-prevention.pdf
11:40:59 INFO  doc.found          UHC | Cervical Cancer – Clinical Guideline -> https://www.uhcprovider.com/content/dam/provider/docs/public/policies/clinical-guidelines/cervical-cancer.pdf
11:41:00 INFO  doc.found          UHC | Chest Pain – Clinical Guideline -> https://www.uhcprovider.com/content/dam/provider/docs/public/policies/clinical-guidelines/chest-pain.pdf
11:41:01 INFO  doc.found          Cigna | California Performance 3 Tier** [PDF] -> https://www.cigna.com/static/www-cigna-com/docs/ifp/ca-performance-3-tier-cdi.pdf
11:41:02 INFO  doc.found          UHC | Chimeric Antigen Receptor T-Cell (CAR T) Therapy – Clinical Guideline -> https://www.uhcprovider.com/content/dam/provider/docs/public/policies/clinical-guidelines/chimeric-antigen-receptor-tcell-therapy.pdf
11:41:02 INFO  doc.found          UHC | Chronic Coronary Disease – Clinical Guideline -> https://www.uhcprovider.com/content/dam/provider/docs/public/policies/clinical-guidelines/chronic-coronary-disease.pdf
11:41:02 INFO  doc.found          UHC | Chimeric Antigen Receptor T-Cell Therapy (for Ohio Only) – Clinical Guideline -> https://www.uhcprovider.com/content/dam/provider/docs/public/policies/clinical-guidelines/chimeric-antigen-receptor-tcell-therapy-ohio.pdf
11:41:04 INFO  doc.found          UHC | Chronic Obstructive Lung Disease (COPD) – Clinical Guideline -> https://www.uhcprovider.com/content/dam/provider/docs/public/policies/clinical-guidelines/chronic-obstructive-lung-disease.pdf
11:41:05 INFO  doc.found          UHC | Continuity of Care – Clinical Guideline -> https://www.uhcprovider.com/content/dam/provider/docs/public/policies/clinical-guidelines/continuity-of-care.pdf
11:41:06 INFO  doc.found          UHC | Dementia – Clinical Guideline -> https://www.uhcprovider.com/content/dam/provider/docs/public/policies/clinical-guidelines/dementia.pdf
11:41:08 INFO  doc.found          UHC | Diabetes – Clinical Guideline -> https://www.uhcprovider.com/content/dam/provider/docs/public/policies/clinical-guidelines/diabetes.pdf
11:41:08 INFO  doc.found          UHC | Dietary Guidelines – Clinical Guideline -> https://www.uhcprovider.com/content/dam/provider/docs/public/policies/clinical-guidelines/dietary-guidelines.pdf
11:41:10 INFO  doc.found          UHC | Dyslipidemia Management -> https://www.uhcprovider.com/content/dam/provider/docs/public/policies/clinical-guidelines/dyslipidemia-management.pdf
11:41:12 INFO  doc.found          Cigna | California Performance 4 Tier (all specialty medications covered on tier 4)** [PDF] -> https://www.cigna.com/static/www-cigna-com/docs/ifp/ca-performance-4-tier-spec-cdi.pdf
11:41:13 INFO  doc.found          Cigna | California Advantage 3 Tier** [PDF] -> https://www.cigna.com/static/www-cigna-com/docs/ifp/ca-advantage-3-tier-cdi.pdf
11:41:13 INFO  doc.found          UHC | Fertility Solutions Medical Necessity Clinical Guideline: Infertility -> https://www.uhcprovider.com/content/dam/provider/docs/public/policies/clinical-guidelines/fertility-solutions-medical-necessity-clinical-guideline-infertility.pdf
11:41:14 INFO  doc.found          Cigna | California Advantage 4 Tier (all specialty medications covered on tier 4)** [PDF] -> https://www.cigna.com/static/www-cigna-com/docs/ifp/ca-advantage-4-tier-spec-cdi.pdf
11:41:15 INFO  doc.found          UHC | Gene Therapy (for TennCare Only) – Clinical Guideline -> https://www.uhcprovider.com/content/dam/provider/docs/public/policies/clinical-guidelines/gene-therapy-clinical-guideline-tenncare.pdf
11:41:16 INFO  doc.found          UHC | Gene Therapy – Clinical Guideline -> https://www.uhcprovider.com/content/dam/provider/docs/public/policies/clinical-guidelines/gene-therapy-clinical-guideline.pdf
11:41:18 INFO  doc.found          Cigna | California Legacy (Standard) 3 Tier* (CDI) [PDF] -> https://www.cigna.com/static/www-cigna-com/docs/ifp/ca-legacy-stnd-3-tier-cdi.pdf
11:41:18 INFO  doc.found          Cigna | California Legacy (Standard) 3 Tier* (DMHC) [PDF] -> https://www.cigna.com/static/www-cigna-com/docs/ifp/ca-legacy-stnd-3-tier-dhmc.pdf
11:41:19 INFO  doc.found          Cigna | California Legacy (Standard) 4 Tier* (all specialty medications covered on tier 4) (CDI) [PDF] -> https://www.cigna.com/static/www-cigna-com/docs/ifp/ca-legacy-stnd-4-tier-spec-cdi.pdf
11:41:20 INFO  doc.found          Cigna | California Legacy (Standard) 4 Tier* (all specialty medications covered on tier 4)(DMHC) [PDF] -> https://www.cigna.com/static/www-cigna-com/docs/ifp/ca-legacy-stnd-4-tier-spec-dhmc.pdf
11:41:20 INFO  doc.found          UHC | Heart Failure – Clinical Guideline -> https://www.uhcprovider.com/content/dam/provider/docs/public/policies/clinical-guidelines/heart-failure.pdf
11:41:20 INFO  doc.found          UHC | Human Immunodeficiency Virus (HIV) – Clinical Guideline -> https://www.uhcprovider.com/content/dam/provider/docs/public/policies/clinical-guidelines/human-immunodeficiency-virus-hiv.pdf
11:41:20 INFO  doc.found          UHC | Hypertension – Clinical Guideline -> https://www.uhcprovider.com/content/dam/provider/docs/public/policies/clinical-guidelines/hypertension.pdf
11:41:21 INFO  doc.found          UHC | Hemophilia – Clinical Guideline -> https://www.uhcprovider.com/content/dam/provider/docs/public/policies/clinical-guidelines/hemophilia.pdf
11:41:22 INFO  doc.found          UHC | Kidney Disease – Clinical Guideline -> https://www.uhcprovider.com/content/dam/provider/docs/public/policies/clinical-guidelines/kidney-disease.pdf
11:41:23 INFO  doc.found          UHC | Mechanical Circulatory Support Devices (MCSD) – Clinical Guideline -> https://www.uhcprovider.com/content/dam/provider/docs/public/policies/clinical-guidelines/mechanical-circulatory-support-device.pdf
11:41:24 INFO  doc.found          UHC | Medicare Chiropractic Services – Clinical Guideline -> https://www.uhcprovider.com/content/dam/provider/docs/public/policies/clinical-guidelines/medicare-chiropractic-services-cg.pdf
11:41:26 INFO  doc.found          UHC | Medicare Outpatient Skilled Therapy PT OT ST – Clinical Guideline -> https://www.uhcprovider.com/content/dam/provider/docs/public/policies/clinical-guidelines/medicare-outpatient-skilled-therapy-pt-ot-st-cg.pdf
11:41:27 INFO  doc.found          UHC | Obesity – Clinical Guideline -> https://www.uhcprovider.com/content/dam/provider/docs/public/policies/clinical-guidelines/obesity.pdf
11:41:29 INFO  doc.found          Cigna | California Legacy (Performance) 3 Tier** [PDF] -> https://www.cigna.com/static/www-cigna-com/docs/ifp/ca-legacy-perf-3-tier-cdi.pdf
11:41:29 INFO  doc.found          UHC | Perinatal Care – Clinical Guideline -> https://www.uhcprovider.com/content/dam/provider/docs/public/policies/clinical-guidelines/perinatal-care.pdf
11:41:29 INFO  doc.found          UHC | Persons with Disabilities – Clinical Guideline -> https://www.uhcprovider.com/content/dam/provider/docs/public/policies/clinical-guidelines/persons-with-disabilities.pdf
11:41:29 INFO  doc.found          UHC | Physical Activity – Clinical Guideline -> https://www.uhcprovider.com/content/dam/provider/docs/public/policies/clinical-guidelines/physical-activity.pdf
11:41:31 INFO  doc.found          UHC | Preventive Pediatric Health Care Screening – Clinical Guideline -> https://www.uhcprovider.com/content/dam/provider/docs/public/policies/clinical-guidelines/preventive-pediatric-health.pdf
11:41:33 INFO  doc.found          UHC | Preventive Services – Clinical Guideline -> https://www.uhcprovider.com/content/dam/provider/docs/public/policies/clinical-guidelines/preventive-services.pdf
11:41:33 INFO  doc.found          UHC | Sepsis -> https://www.uhcprovider.com/content/dam/provider/docs/public/policies/clinical-guidelines/sepsis.pdf
11:41:34 INFO  doc.found          UHC | Sickle Cell Disease – Clinical Guideline -> https://www.uhcprovider.com/content/dam/provider/docs/public/policies/clinical-guidelines/sickle-cell-disease.pdf
11:41:34 INFO  doc.found          Cigna | Exception Process for Non-Covered Medications [PDF] -> https://www.cigna.com/static/www-cigna-com/docs/pharmacy/non-ifp-pharmacy-exception-approval-process.pdf
11:41:35 INFO  doc.found          Cigna | Lista de medicamentos de Copay Assurance Plan (en inglés) [PDF] -> https://www.cigna.com/static/www-cigna-com/es-us/docs/copay-assurance-plan-drug-list.pdf
11:41:36 INFO  doc.found          UHC | Special Health Care Needs – Clinical Guideline -> https://www.uhcprovider.com/content/dam/provider/docs/public/policies/clinical-guidelines/special-health-care-needs.pdf
11:41:37 INFO  doc.found          UHC | T-Cell Receptor T-Cell Therapy (for Ohio Only) – Clinical Guideline – Effective Mar. 1, 2026 -> https://www.uhcprovider.com/content/dam/provider/docs/public/policies/clinical-guidelines/t-cell-receptor-t-cell-therapy-ohio.pdf
11:41:37 INFO  doc.found          Cigna | 4 Tier Abridged [PDF] -> https://www.cigna.com/static/www-cigna-com/docs/cigna-national-preferred-prescription-4-tier-abridged.pdf
11:41:38 INFO  doc.found          UHC | T-Cell Receptor T-Cell Therapy – Clinical Guideline -> https://www.uhcprovider.com/content/dam/provider/docs/public/policies/clinical-guidelines/tcell-receptor-tcell-therapy.pdf
11:41:39 INFO  doc.found          Cigna | California Total Savings 3 Tier* (CDI) [PDF] -> https://www.cigna.com/static/www-cigna-com/docs/ifp/ca-total-savings-3-tier-cdi.pdf
11:41:39 INFO  doc.found          Cigna | Language Assistance [PDF] -> https://www.cigna.com/static/www-cigna-com/docs/multi-language-interpreter-services.pdf
11:41:39 INFO  doc.found          UHC | Tobacco Use – Clinical Guideline -> https://www.uhcprovider.com/content/dam/provider/docs/public/policies/clinical-guidelines/tobacco-use.pdf
11:41:41 INFO  doc.found          Cigna | California Legacy (Performance) 4 Tier (all specialty medications covered on tier 4)** [PDF] -> https://www.cigna.com/static/www-cigna-com/docs/ifp/ca-legacy-perf-4-tier-cdi.pdf
11:41:41 INFO  doc.found          UHC | Transplant Review Guidelines: Hematopoietic Stem Cell Transplantation (for Ohio Only) – Clinical Guideline -> https://www.uhcprovider.com/content/dam/provider/docs/public/policies/clinical-guidelines/transplant-review-guidelines-hematopoietic-stem-cell-transplantation-ohio.pdf
11:41:43 INFO  doc.found          Cigna | California National Preferred 3 Tier* (CDI) [PDF] -> https://www.cigna.com/static/www-cigna-com/docs/ifp/ca-cigna-national-pref-3-tier-cdi.pdf
11:41:43 INFO  doc.found          UHC | Transplant Review Guidelines: Hematopoietic Stem Cell Transplantation – Clinical Guideline -> https://www.uhcprovider.com/content/dam/provider/docs/public/policies/clinical-guidelines/transplant-review-guidelines-hematopoietic-stem-cell-transplantation.pdf
11:41:43 INFO  doc.found          Cigna | California National Preferred 3 Tier* (DHMC) [PDF] -> https://www.cigna.com/static/www-cigna-com/docs/ifp/ca-cigna-national-pref-3-tier-dhmc.pdf
11:41:44 INFO  doc.found          UHC | Transplant Review Guidelines: Solid Organ Transplantation (for Ohio Only) – Clinical Guideline – Effective Mar. 13, 2026 -> https://www.uhcprovider.com/content/dam/provider/docs/public/policies/clinical-guidelines/transplant-review-guidelines-solid-organ-transplantation-ohio.pdf
11:41:44 INFO  doc.found          Cigna | 4 Tier Specialty Abridged [PDF] -> https://www.cigna.com/static/www-cigna-com/docs/cigna-national-preferred-prescription-4-tier-specialty-abridged.pdf
11:41:45 INFO  doc.found          Cigna | 5 Tier Abridged [PDF] -> https://www.cigna.com/static/www-cigna-com/docs/cigna-national-preferred-prescription-5-tier-abridged.pdf
11:41:46 INFO  doc.found          Cigna | 5 Tier Specialty Abridged [PDF] -> https://www.cigna.com/static/www-cigna-com/docs/cigna-national-preferred-prescription-5-tier-specialty-abridged.pdf
11:41:46 INFO  doc.found          UHC | Transplant Review Guidelines: Solid Organ Transplantation – Clinical Guideline -> https://www.uhcprovider.com/content/dam/provider/docs/public/policies/clinical-guidelines/transplant-review-guidelines-solid-organ-transplantation.pdf
11:41:47 INFO  doc.found          Cigna | 6 Tier Abridged [PDF] -> https://www.cigna.com/static/www-cigna-com/docs/cigna-national-preferred-prescription-6-tier-abridged.pdf
11:41:48 INFO  doc.found          UHC | Tumor-Infiltrating Lymphocyte (TIL) Cell Therapy – Clinical Guideline – Effective Mar. 1, 2026 -> https://www.uhcprovider.com/content/dam/provider/docs/public/policies/clinical-guidelines/tumor-infiltrating-lymphocyte-cell-therapy-ohio.pdf
11:41:49 INFO  doc.found          UHC | Tumor-Infiltrating Lymphocyte (TIL) Cell Therapy – Clinical Guideline -> https://www.uhcprovider.com/content/dam/provider/docs/public/policies/clinical-guidelines/tumor-infiltrating-lymphocyte-cell-therapy.pdf
11:41:50 INFO  doc.found          UHC | Violence and Abuse – Clinical Guideline -> https://www.uhcprovider.com/content/dam/provider/docs/public/policies/clinical-guidelines/violence-abuse.pdf
11:41:50 INFO  doc.found          UHC | 07/01/2026 – Dental Policy Update Bulletin: July 2026 -> https://www.uhcprovider.com/content/dam/provider/docs/public/policies/dental/dental-policy-update-bulletin-july-2026.pdf
11:41:51 INFO  doc.found          UHC | 08/01/2026 – Dental Policy Update Bulletin: August 2026 -> https://www.uhcprovider.com/content/dam/provider/docs/public/policies/dental/dental-policy-update-bulletin-august-2026.pdf
11:41:53 INFO  doc.found          UHC | 09/01/2026 – Dental Policy Update Bulletin: September 2026 -> https://www.uhcprovider.com/content/dam/provider/docs/public/policies/dental/dental-policy-update-bulletin-september-2026.pdf
11:41:55 INFO  doc.found          UHC | 2026 Summary of Changes to Advance Notification and Prior Authorization Requirements - UnitedHealthcare Plans -> https://www.uhcprovider.com/content/dam/provider/docs/public/prior-auth/pa-requirements/multi/2026-Summary-of-Changes-AdvNotice-and-PriorAuth.pdf
11:41:56 INFO  doc.found          UHC | 2025 Summary of Changes to Advance Notification and Prior Authorization Requirements - UnitedHealthcare Plans -> https://www.uhcprovider.com/content/dam/provider/docs/public/prior-auth/pa-requirements/multi/2025-Summary-of-Changes-AdvNotice-and-PriorAuth.pdf
11:41:58 INFO  doc.found          Cigna | California National Preferred 4 Tier* (CDI) [PDF] -> https://www.cigna.com/static/www-cigna-com/docs/ca-cnpf-4-tier-splitgenerics-doi.pdf
11:41:58 INFO  doc.found          UHC | UnitedHealthcare Commercial Advance Notification Prior Authorization Requirements - Effective Sept. 1, 2026 -> https://www.uhcprovider.com/content/dam/provider/docs/public/prior-auth/pa-requirements/commercial/UHC-Commercial-Advance-Notification-PA-Requirements-9-2026.pdf
11:41:59 INFO  doc.found          UHC | Prior authorization requirements for Surest health plans - Effective Sept. 1, 2026 - Surest Health Plans -> https://www.uhcprovider.com/content/dam/provider/docs/public/prior-auth/pa-requirements/surest/Surest-Prior-Auth-9-2026.pdf
11:42:00 INFO  doc.found          UHC | UnitedHealthcare Mid-Atlantic Health Plans Prior Authorization Requirements - Effective Sept. 1, 2026 -> https://www.uhcprovider.com/content/dam/provider/docs/public/prior-auth/pa-requirements/mid-atlantic/UHC-Mid-Atlantic-Prior-Authorization-Effective-9-2026.pdf
11:42:00 INFO  doc.found          Cigna | California National Preferred 4 Tier* (DHMC) [PDF] -> https://www.cigna.com/static/www-cigna-com/docs/ca-cnpf-4-tier-splitgenerics-hmo.pdf
11:42:01 INFO  doc.found          Cigna | California National Preferred 4 Tier Specialty* (CDI) [PDF] -> https://www.cigna.com/static/www-cigna-com/docs/ca-cnpf-4-tier-specialty-doi.pdf
11:42:01 INFO  doc.found          UHC | Oxford Health Plans Advance Notification/Prior Authorization Requirements - Effective Sept. 1, 2026 -> https://www.uhcprovider.com/content/dam/provider/docs/public/prior-auth/pa-requirements/oxford/Oxford-Prior-Auth-9-1-2026.pdf
11:42:02 INFO  doc.found          Cigna | California National Preferred 4 Tier Specialty* (DHMC) [PDF] -> https://www.cigna.com/static/www-cigna-com/docs/ca-cnpf-4-tier-specialty-hmo.pdf
11:42:03 INFO  doc.found          UHC | Prior authorization requirements for UnitedHealthcare Complete Effective August 1, 2026 -> https://www.uhcprovider.com/content/dam/provider/docs/public/prior-auth/pa-requirements/uhc-complete/UHC-Complete-8-1-26.pdf
11:42:03 INFO  doc.found          UHC | UnitedHealthcare West Prior Authorization Requirements - Effective April 1, 2026 -> https://www.uhcprovider.com/content/dam/provider/docs/public/prior-auth/pa-requirements/west/UHC-West-PA-Effective-4-2026.pdf
11:42:04 INFO  doc.found          UHC | UnitedHealthcare of the River Valley Prior Authorization Requirements - Effective Sept. 1, 2026 -> https://www.uhcprovider.com/content/dam/provider/docs/public/prior-auth/pa-requirements/river-valley/UHC-River-Valley-Prior-Authorization-Effective-9-2026.pdf
11:42:05 INFO  doc.found          UHC | Neighborhood Health Partnership Advance Notification/Prior Authorization Requirements - Effective Sept. 1, 2026 -> https://www.uhcprovider.com/content/dam/provider/docs/public/prior-auth/pa-requirements/nhp/UHC-NHP-Advance-Notification-Guide-Effective-9-2026.pdf
11:42:07 INFO  doc.found          UHC | UnitedHealthcare Medicare Advantage Prior Authorization Requirements - Effective August 1, 2026 -> https://www.uhcprovider.com/content/dam/provider/docs/public/prior-auth/pa-requirements/medicare/Med-Adv-Dual-Eff-8-1-26.pdf
11:42:08 INFO  doc.found          UHC | UnitedHealthcare Community Plan Prior Authorization Requirements Florida - Effective Aug. 1, 2026 -> https://www.uhcprovider.com/content/dam/provider/docs/public/prior-auth/pa-requirements/pcn/UHC-Preferred-Care-Florida-Medicare-Eff-8-1-26.pdf
11:42:09 INFO  doc.found          UHC | UnitedHealthcare Exchange Plans Advance Notification/Prior Authorization Requirements - Effective Aug. 1, 2026 -> https://www.uhcprovider.com/content/dam/provider/docs/public/prior-auth/exchanges/UHC-Exchange-Plans-Advance-Notification-PA-Eff-8-1-26.pdf
11:42:09 INFO  doc.found          UHC | Alabama: Optum Behavioral Health Exchange plans Advanced Notification/Prior Authorization effective January 1, 2026 -> https://www.uhcprovider.com/content/dam/provider/docs/public/prior-auth/exchanges/behavioral-health/AL-Exchange-BH-Prior-Auth-Req-2026.pdf
11:42:10 INFO  doc.found          Cigna | What is Step Therapy? [PDF] -> https://www.cigna.com/static/www-cigna-com/docs/956460-step-therapy-faq-flyer.pdf
11:42:11 INFO  doc.found          UHC | Arizona: Optum Behavioral Health Exchange plans Advanced Notification/Prior Authorization effective January 1, 2026 -> https://www.uhcprovider.com/content/dam/provider/docs/public/prior-auth/exchanges/behavioral-health/AZ-Exchange-BH-Prior-Auth-Req-2026.pdf
11:42:11 INFO  doc.found          Cigna | 5 Things to Remember - Cigna 90 Now Flyer [PDF] -> https://www.cigna.com/static/www-cigna-com/docs/ifp/m-26-rx-all-971322-5-things-to-remember-cigna-90-now-flyer.pdf
11:42:12 INFO  doc.found          Cigna | California National Preferred 5 Tier (CDI) [PDF] -> https://www.cigna.com/static/www-cigna-com/docs/ca-cnpf-5-tier-splitgenerics-doi.pdf
11:42:12 INFO  doc.found          UHC | Colorado: Optum Behavioral Health Exchange plans Advanced Notification/Prior Authorization effective January 1, 2026 -> https://www.uhcprovider.com/content/dam/provider/docs/public/prior-auth/exchanges/behavioral-health/CO-Exchange-BH-Prior-Auth-Req-2026.pdf
11:42:14 INFO  doc.found          UHC | Colorado: Behavioral health prior authorization requirements for RMHP Individual Exchange plans - Effective March 1, 2026 -> https://www.uhcprovider.com/content/dam/provider/docs/public/prior-auth/exchanges/behavioral-health/CO-RMHP-Exchange-BH-03-2026.pdf
11:42:16 INFO  doc.found          UHC | Florida: Optum Behavioral Health Exchange plans Advanced Notification/Prior Authorization effective January 1, 2026 -> https://www.uhcprovider.com/content/dam/provider/docs/public/prior-auth/exchanges/behavioral-health/FL-Exchange-BH-Prior-Auth-Req-2026.pdf
11:42:16 INFO  doc.found          Cigna | California National Preferred 5 Tier Specialty* (CDI) [PDF] -> https://www.cigna.com/static/www-cigna-com/docs/ca-cnpf-5-tier-specialty-doi.pdf
11:42:17 INFO  doc.found          Cigna | California National Preferred 5 Tier Specialty* (DHMC) [PDF] -> https://www.cigna.com/static/www-cigna-com/docs/ca-cnpf-5-tier-specialty-hmo.pdf
11:42:18 INFO  doc.found          Cigna | California National Preferred 6 Tier* (CDI) [PDF] -> https://www.cigna.com/static/www-cigna-com/docs/ca-cnpf-6-tier-doi.pdf
11:42:18 INFO  doc.found          Cigna | California National Preferred 6 Tier* (DHMC) [PDF] -> https://www.cigna.com/static/www-cigna-com/docs/ca-cnpf-6-tier-hmo.pdf
11:42:18 INFO  doc.found          UHC | Georgia: Optum Behavioral Health Exchange plans Advanced Notification/Prior Authorization effective January 1, 2026 -> https://www.uhcprovider.com/content/dam/provider/docs/public/prior-auth/exchanges/behavioral-health/GA-Exchange-BH-Prior-Auth-Req-2026.pdf
11:42:19 INFO  doc.found          Cigna | California National Preferred 5 Tier* (DHMC) [PDF] -> https://www.cigna.com/static/www-cigna-com/docs/ca-cnpf-5-tier-splitgenerics-hmo.pdf
11:42:19 INFO  doc.found          Cigna | CHCP - Resources - Experimental/Investigational/ Unproven (EIU), Outpatient Surgery, Unlisted Procedures, and Cosmetic Procedures -> https://static.cigna.com/assets/chcp/resourceLibrary/preCertification/eiu.html
11:42:19 INFO  doc.found          Cigna | 5 Things to Remember - Express Scripts Pharmacy (ESP) Flyer [PDF] -> https://www.cigna.com/static/www-cigna-com/docs/ifp/m-26-rx-all-971323-5-things-to-remember-esp-flyer.pdf
11:42:20 INFO  doc.found          Cigna | CHCP - Resources - Gastroenterology Program -> https://static.cigna.com/assets/chcp/resourceLibrary/preCertification/gastroenterology.html
11:42:20 INFO  doc.found          UHC | Iowa: Optum Behavioral Health Exchange plans Advanced Notification/Prior Authorization effective January 1, 2026 -> https://www.uhcprovider.com/content/dam/provider/docs/public/prior-auth/exchanges/behavioral-health/IA-Exchange-BH-Prior-Auth-Req-2026.pdf
11:42:20 INFO  doc.found          UHC | Illinois: Optum Behavioral Health Exchange plans Advanced Notification/Prior Authorization effective January 1, 2026 -> https://www.uhcprovider.com/content/dam/provider/docs/public/prior-auth/exchanges/behavioral-health/IL-Exchange-BH-Prior-Auth-Req-2026.pdf
11:42:21 INFO  doc.found          Cigna | CHCP - Resources - Molecular Laboratory Testing Program -> https://static.cigna.com/assets/chcp/resourceLibrary/preCertification/molecularLaboratory.html
11:42:21 INFO  doc.found          UHC | Indiana: Optum Behavioral Health Exchange plans Advanced Notification/Prior Authorization effective January 1, 2026 -> https://www.uhcprovider.com/content/dam/provider/docs/public/prior-auth/exchanges/behavioral-health/IN-Exchange-BH-Prior-Auth-Req-2026.pdf
11:42:22 INFO  doc.found          Cigna | CHCP - Resources - Gastroenterology Program -> https://static.cigna.com/assets/chcp/resourceLibrary/preCertification/gastroenterology.html?_gl=1*1e0dk44*_gcl_au*MzkwMjU5NzkuMTc2MzY1NjQ0OA..
11:42:22 INFO  doc.found          UHC | Kansas: Optum Behavioral Health Exchange plans Advanced Notification/Prior Authorization effective January 1, 2026 -> https://www.uhcprovider.com/content/dam/provider/docs/public/prior-auth/exchanges/behavioral-health/KS-Exchange-BH-Prior-Auth-Req-2026.pdf
11:42:22 INFO  doc.found          UHC | Louisiana: Optum Behavioral Health Exchange plans Advanced Notification/Prior Authorization effective January 1, 2026 -> https://www.uhcprovider.com/content/dam/provider/docs/public/prior-auth/exchanges/behavioral-health/LA-Exchange-BH-Prior-Auth-Req-2026.pdf
11:42:23 INFO  doc.found          Cigna | CHCP - Resources - Molecular Laboratory Testing Program -> https://static.cigna.com/assets/chcp/resourceLibrary/preCertification/molecularLaboratory.html?_gl=1*pw274r*_gcl_au*MzkwMjU5NzkuMTc2MzY1NjQ0OA..
11:42:23 INFO  doc.found          UHC | Massachusetts: Optum Behavioral Health Exchange plans Advanced Notification/Prior Authorization effective January 1, 2026 -> https://www.uhcprovider.com/content/dam/provider/docs/public/prior-auth/exchanges/behavioral-health/MA-Exchange-BH-Prior-Auth-Req-2026.pdf
11:42:25 INFO  doc.found          UHC | Maryland: Optum Behavioral Health Exchange plans Advanced Notification/Prior Authorization effective January 1, 2026 -> https://www.uhcprovider.com/content/dam/provider/docs/public/prior-auth/exchanges/behavioral-health/MD-Exchange-BH-Prior-Auth-Req-2026.pdf
11:42:25 INFO  doc.found          Cigna | View our ID card guide -> https://www.cigna.com/static/www-cigna-com/docs/member_id_cards.pdf
11:42:25 INFO  payer.done         Cigna Healthcare | Cigna Healthcare: attempted=139 found=139 failed=0 skipped_robots=4 dupes_collapsed=0 elapsed_s=290.8
11:42:26 INFO  doc.found          UHC | Michigan: Optum Behavioral Health Exchange plans Advanced Notification/Prior Authorization effective January 1, 2026 -> https://www.uhcprovider.com/content/dam/provider/docs/public/prior-auth/exchanges/behavioral-health/MI-Exchange-BH-Prior-Auth-Req-2026.pdf
11:42:27 INFO  doc.found          UHC | Missouri: Optum Behavioral Health Exchange plans Advanced Notification/Prior Authorization effective January 1, 2026 -> https://www.uhcprovider.com/content/dam/provider/docs/public/prior-auth/exchanges/behavioral-health/MO-Exchange-BH-Prior-Auth-Req-2026.pdf
11:42:28 INFO  doc.found          UHC | Mississippi: Optum Behavioral Health Exchange plans Advanced Notification/Prior Authorization effective January 1, 2026 -> https://www.uhcprovider.com/content/dam/provider/docs/public/prior-auth/exchanges/behavioral-health/MS-Exchange-BH-Prior-Auth-Req-2026.pdf
11:42:29 INFO  doc.found          UHC | North Carolina: Optum Behavioral Health Exchange plans Advanced Notification/Prior Authorization effective January 1, 2026 -> https://www.uhcprovider.com/content/dam/provider/docs/public/prior-auth/exchanges/behavioral-health/NC-Exchange-BH-Prior-Auth-Req-2026.pdf
11:42:29 INFO  doc.found          UHC | Nebraska: Optum Behavioral Health Exchange plans Advanced Notification/Prior Authorization effective January 1, 2026 -> https://www.uhcprovider.com/content/dam/provider/docs/public/prior-auth/exchanges/behavioral-health/NE-Exchange-BH-Prior-Auth-Req-2026.pdf
11:42:31 INFO  doc.found          UHC | New Mexico: Optum Behavioral Health Exchange plans Advanced Notification/Prior Authorization effective January 1, 2026 -> https://www.uhcprovider.com/content/dam/provider/docs/public/prior-auth/exchanges/behavioral-health/NM-Exchange-BH-Prior-Auth-Req-2026.pdf
11:42:32 INFO  doc.found          UHC | New Jersey: Optum Behavioral Health Exchange plans Advanced Notification/Prior Authorization effective January 1, 2026 -> https://www.uhcprovider.com/content/dam/provider/docs/public/prior-auth/exchanges/behavioral-health/NJ-Exchange-BH-Prior-Auth-Req-2026.pdf
11:42:33 INFO  doc.found          UHC | New York: Optum Behavioral Health Exchange plans Advanced Notification/Prior Authorization effective January 1, 2026 -> https://www.uhcprovider.com/content/dam/provider/docs/public/prior-auth/exchanges/behavioral-health/NY-Exchange-BH-Prior-Auth-Req-2026.pdf
11:42:34 INFO  doc.found          UHC | Ohio: Optum Behavioral Health Exchange plans Advanced Notification/Prior Authorization effective January 1, 2026 -> https://www.uhcprovider.com/content/dam/provider/docs/public/prior-auth/exchanges/behavioral-health/OH-Exchange-BH-Prior-Auth-Req-2026.pdf
11:42:36 INFO  doc.found          UHC | Oklahoma: Optum Behavioral Health Exchange plans Advanced Notification/Prior Authorization effective January 1, 2026 -> https://www.uhcprovider.com/content/dam/provider/docs/public/prior-auth/exchanges/behavioral-health/OK-Exchange-BH-Prior-Auth-Req-2026.pdf
11:42:37 INFO  doc.found          UHC | South Carolina: Optum Behavioral Health Exchange plans Advanced Notification/Prior Authorization effective January 1, 2026 -> https://www.uhcprovider.com/content/dam/provider/docs/public/prior-auth/exchanges/behavioral-health/SC-Exchange-BH-Prior-Auth-Req-2026.pdf
11:42:37 INFO  doc.found          UHC | Tennessee: Optum Behavioral Health Exchange plans Advanced Notification/Prior Authorization effective January 1, 2026 -> https://www.uhcprovider.com/content/dam/provider/docs/public/prior-auth/exchanges/behavioral-health/TN-Exchange-BH-Prior-Auth-Req-2026.pdf
11:42:38 INFO  doc.found          UHC | Texas: Optum Behavioral Health Exchange plans Advanced Notification/Prior Authorization effective January 1, 2026 -> https://www.uhcprovider.com/content/dam/provider/docs/public/prior-auth/exchanges/behavioral-health/TX-Exchange-BH-Prior-Auth-Req-2026.pdf
11:42:39 INFO  doc.found          UHC | Virginia: Optum Behavioral Health Exchange plans Advanced Notification/Prior Authorization effective January 1, 2026 -> https://www.uhcprovider.com/content/dam/provider/docs/public/prior-auth/exchanges/behavioral-health/VA-Exchange-BH-Prior-Auth-Req-2026.pdf
11:42:40 INFO  doc.found          UHC | Washington: Optum Behavioral Health Exchange plans Advanced Notification/Prior Authorization effective January 1, 2026 -> https://www.uhcprovider.com/content/dam/provider/docs/public/prior-auth/exchanges/behavioral-health/WA-Exchange-BH-Prior-Auth-Req-2026.pdf
11:42:42 INFO  doc.found          UHC | Wisconsin: Optum Behavioral Health Exchange plans Advanced Notification/Prior Authorization effective January 1, 2026 -> https://www.uhcprovider.com/content/dam/provider/docs/public/prior-auth/exchanges/behavioral-health/WI-Exchange-BH-Prior-Auth-Req-2026.pdf
11:42:43 INFO  doc.found          UHC | Wyoming: Optum Behavioral Health Exchange plans Advanced Notification/Prior Authorization effective January 1, 2026 -> https://www.uhcprovider.com/content/dam/provider/docs/public/prior-auth/exchanges/behavioral-health/WY-Exchange-BH-Prior-Auth-Req-2026.pdf
11:42:44 INFO  doc.found          UHC | UnitedHealthcare Commercial Advance Notification Prior Authorization Requirements - Effective July 1, 2026 -> https://www.uhcprovider.com/content/dam/provider/docs/public/prior-auth/pa-requirements/commercial/UHC-Commercial-Advance-Notification-PA-Requirements-7-2026.pdf
11:42:46 INFO  doc.found          UHC | Prior authorization requirements for UnitedHealthcare Complete Effective Apr. 1, 2026 -> https://www.uhcprovider.com/content/dam/provider/docs/public/prior-auth/pa-requirements/uhc-complete/UHC-Complete-4-1-26.pdf
11:42:47 INFO  doc.found          UHC | UnitedHealthcare Commercial Advance Notification Prior Authorization Requirements - Effective March 1, 2026 -> https://www.uhcprovider.com/content/dam/provider/docs/public/prior-auth/pa-requirements/commercial/UHC-Commercial-Advance-Notification-PA-Requirements-3-2026.pdf
11:42:49 INFO  doc.found          UHC | UnitedHealthcare Commercial Advance Notification Prior Authorization Requirements - Effective January 1, 2026 -> https://www.uhcprovider.com/content/dam/provider/docs/public/prior-auth/pa-requirements/commercial/UHC-Commercial-Advance-Notification-PA-Requirements-1-2026.pdf
11:42:49 INFO  doc.found          UHC | UnitedHealthcare Commercial Advance Notification Prior Authorization Requirements - Effective November 1, 2025 -> https://www.uhcprovider.com/content/dam/provider/docs/public/prior-auth/pa-requirements/commercial/UHC-Commercial-Advance-Notification-PA-Requirements-11-2025.pdf
11:42:50 INFO  doc.found          UHC | UnitedHealthcare Commercial Advance Notification Prior Authorization Requirements - Effective October 1, 2025 -> https://www.uhcprovider.com/content/dam/provider/docs/public/prior-auth/pa-requirements/commercial/UHC-Commercial-Advance-Notification-PA-Requirements-10-1-2025.pdf
11:42:51 INFO  doc.found          UHC | UnitedHealthcare Commercial Advance Notification Prior Authorization Requirements - Effective July 1, 2025 -> https://www.uhcprovider.com/content/dam/provider/docs/public/prior-auth/pa-requirements/commercial/UHC-Commercial-Advance-Notification-PA-Requirements-7-1-2025.pdf
11:42:53 INFO  doc.found          UHC | UnitedHealthcare Commercial Advance Notification Prior Authorization Requirements - Effective June 1, 2025 -> https://www.uhcprovider.com/content/dam/provider/docs/public/prior-auth/pa-requirements/commercial/UHC-Commercial-Advance-Notification-PA-Requirements-6-1-2025.pdf
11:42:54 INFO  doc.found          UHC | UnitedHealthcare Commercial Advance Notification Prior Authorization Requirements - Effective May 1, 2025 -> https://www.uhcprovider.com/content/dam/provider/docs/public/prior-auth/pa-requirements/commercial/UHC-Commercial-Advance-Notification-PA-Requirements-5-1-2025.pdf
11:42:56 INFO  doc.found          UHC | UnitedHealthcare Commercial Advance Notification Prior Authorization Requirements - Effective Apr 1, 2025 -> https://www.uhcprovider.com/content/dam/provider/docs/public/prior-auth/pa-requirements/commercial/UHC-Commercial-Advance-Notification-PA-Requirements-4-1-2025.pdf
11:42:57 INFO  doc.found          UHC | UnitedHealthcare Commercial Advance Notification Prior Authorization Requirements - Effective Mar 1, 2025 -> https://www.uhcprovider.com/content/dam/provider/docs/public/prior-auth/pa-requirements/commercial/UHC-Commercial-Advance-Notification-PA-Requirements-3-1-2025.pdf
11:42:58 INFO  doc.found          UHC | Effective Feb. 1, 2025 -> https://www.uhcprovider.com/content/dam/provider/docs/public/prior-auth/pa-requirements/commercial/UHC-Commercial-Advance-Notification-PA-Requirements-2-1-2025.pdf
11:42:58 INFO  doc.found          UHC | UnitedHealthcare Commercial Advance Notification/Prior Authorization Requirements - Effective Jan. 1, 2025 -> https://www.uhcprovider.com/content/dam/provider/docs/public/prior-auth/pa-requirements/commercial/UHC-Commercial-Advance-Notification-PA-Requirements-1-1-2025.pdf
11:42:59 INFO  doc.found          UHC | UnitedHealthcare Commercial Advance Notification/Prior Authorization Requirements - Effective Dec. 1, 2024 -> https://www.uhcprovider.com/content/dam/provider/docs/public/prior-auth/pa-requirements/commercial/UHC-Commercial-Advance-Notification-PA-Requirements-12-1-2024.pdf
11:43:01 INFO  doc.found          UHC | UnitedHealthcare Commercial Advance Notification/Prior Authorization Requirements - Effective Nov. 1, 2024 -> https://www.uhcprovider.com/content/dam/provider/docs/public/prior-auth/pa-requirements/commercial/UHC-Commercial-Advance-Notification-PA-Requirements-11-1-2024.pdf
11:43:02 INFO  doc.found          UHC | UnitedHealthcare Commercial Advance Notification/Prior Authorization Requirements - Effective Oct. 1, 2024 -> https://www.uhcprovider.com/content/dam/provider/docs/public/prior-auth/pa-requirements/commercial/UHC-Commercial-Advance-Notification-PA-Requirements-10-1-2024.pdf
11:43:03 INFO  doc.found          UHC | UnitedHealthcare Mid-Atlantic Health Plans Prior Authorization Requirements - Effective July 1, 2026 -> https://www.uhcprovider.com/content/dam/provider/docs/public/prior-auth/pa-requirements/mid-atlantic/UHC-Mid-Atlantic-Prior-Authorization-Effective-7-2026.pdf
11:43:04 INFO  doc.found          UHC | UnitedHealthcare Mid-Atlantic Health Plans Prior Authorization Requirements - Effective April 1, 2026 -> https://www.uhcprovider.com/content/dam/provider/docs/public/prior-auth/pa-requirements/mid-atlantic/UHC-Mid-Atlantic-Prior-Authorization-Effective-4-2026.pdf
11:43:06 INFO  doc.found          UHC | UnitedHealthcare Mid-Atlantic Health Plans Prior Authorization Requirements - Effective March 1, 2026 -> https://www.uhcprovider.com/content/dam/provider/docs/public/prior-auth/pa-requirements/mid-atlantic/UHC-Mid-Atlantic-Prior-Authorization-Effective-3-2026.pdf
11:43:07 INFO  doc.found          UHC | UnitedHealthcare Mid-Atlantic Health Plans Prior Authorization Requirements - Effective January 1, 2026 -> https://www.uhcprovider.com/content/dam/provider/docs/public/prior-auth/pa-requirements/mid-atlantic/UHC-Mid-Atlantic-Prior-Authorization-Effective-1-2026.pdf
11:43:08 INFO  doc.found          UHC | UnitedHealthcare Mid-Atlantic Health Plans Prior Authorization Requirements - Effective November 1, 2025 -> https://www.uhcprovider.com/content/dam/provider/docs/public/prior-auth/pa-requirements/mid-atlantic/UHC-Mid-Atlantic-Prior-Authorization-Effective-11-2025.pdf
11:43:09 INFO  doc.found          UHC | UnitedHealthcare Mid-Atlantic Health Plans Prior Authorization Requirements - Effective October 1, 2025 -> https://www.uhcprovider.com/content/dam/provider/docs/public/prior-auth/pa-requirements/mid-atlantic/UHC-Mid-Atlantic-Prior-Authorization-Effective-10-1-2025.pdf
11:43:09 INFO  doc.found          UHC | UnitedHealthcare Mid-Atlantic Health Plans Prior Authorization Requirements - Effective July 1, 2025 -> https://www.uhcprovider.com/content/dam/provider/docs/public/prior-auth/pa-requirements/mid-atlantic/UHC-Mid-Atlantic-Prior-Authorization-Effective-7-1-2025.pdf
11:43:11 INFO  doc.found          UHC | UnitedHealthcare Mid-Atlantic Health Plans Prior Authorization Requirements - Effective June 1, 2025 -> https://www.uhcprovider.com/content/dam/provider/docs/public/prior-auth/pa-requirements/mid-atlantic/UHC-Mid-Atlantic-Prior-Authorization-Effective-6-1-2025.pdf
11:43:12 INFO  doc.found          UHC | UnitedHealthcare Mid-Atlantic Health Plans Prior Authorization Requirements - Effective May 1, 2025 -> https://www.uhcprovider.com/content/dam/provider/docs/public/prior-auth/pa-requirements/mid-atlantic/UHC-Mid-Atlantic-Prior-Authorization-Effective-5-1-2025.pdf
11:43:13 INFO  doc.found          UHC | UnitedHealthcare Mid-Atlantic Health Plans Prior Authorization Requirements - Effective Mar. 1, 2025 -> https://www.uhcprovider.com/content/dam/provider/docs/public/prior-auth/pa-requirements/mid-atlantic/UHC-Mid-Atlantic-Prior-Authorization-Effective-3-1-2025.pdf
11:43:14 INFO  doc.found          UHC | UnitedHealthcare Mid-Atlantic Health Plans Prior Authorization Requirements - Effective Apr. 1, 2025 -> https://www.uhcprovider.com/content/dam/provider/docs/public/prior-auth/pa-requirements/mid-atlantic/UHC-Mid-Atlantic-Prior-Authorization-Effective-4-1-2025.pdf
11:43:16 INFO  doc.found          UHC | UnitedHealthcare Mid-Atlantic Health Plans Prior Authorization Requirements - Effective Feb. 1, 2025 -> https://www.uhcprovider.com/content/dam/provider/docs/public/prior-auth/pa-requirements/mid-atlantic/UHC-Mid-Atlantic-Prior-Authorization-Effective-2-1-2025.pdf
11:43:17 INFO  doc.found          UHC | UnitedHealthcare Mid-Atlantic Health Plans Prior Authorization Requirements - Effective Jan. 1, 2025 -> https://www.uhcprovider.com/content/dam/provider/docs/public/prior-auth/pa-requirements/mid-atlantic/UHC-Mid-Atlantic-Prior-Authorization-Effective-1-1-2025.pdf
11:43:17 INFO  doc.found          UHC | UnitedHealthcare Mid-Atlantic Health Plans Prior Authorization Requirements - Effective Dec. 1, 2024 -> https://www.uhcprovider.com/content/dam/provider/docs/public/prior-auth/pa-requirements/mid-atlantic/UHC-Mid-Atlantic-Prior-Authorization-Effective-12-1-2024.pdf
11:43:18 INFO  doc.found          UHC | UnitedHealthcare Mid-Atlantic Health Plans Prior Authorization Requirements - Effective Nov. 1, 2024 -> https://www.uhcprovider.com/content/dam/provider/docs/public/prior-auth/pa-requirements/mid-atlantic/UHC-Mid-Atlantic-Prior-Authorization-Effective-11-1-2024.pdf
11:43:20 INFO  doc.found          UHC | UnitedHealthcare Mid-Atlantic Health Plans Prior Authorization Requirements - Effective Oct. 1, 2024 -> https://www.uhcprovider.com/content/dam/provider/docs/public/prior-auth/pa-requirements/mid-atlantic/UHC-Mid-Atlantic-Prior-Authorization-Effective-10-1-2024.pdf
11:43:21 INFO  doc.found          UHC | UnitedHealthcare West Prior Authorization Requirements - Effective January 1, 2026 -> https://www.uhcprovider.com/content/dam/provider/docs/public/prior-auth/pa-requirements/west/UHC-West-PA-Effective-1-2026.pdf
11:43:22 INFO  doc.found          UHC | UnitedHealthcare West Prior Authorization Requirements - Effective November 1, 2025 -> https://www.uhcprovider.com/content/dam/provider/docs/public/prior-auth/pa-requirements/west/UHC-West-PA-Effective-11-2025.pdf
11:43:23 INFO  doc.found          UHC | UnitedHealthcare West Prior Authorization Requirements - Effective October 1, 2025 -> https://www.uhcprovider.com/content/dam/provider/docs/public/prior-auth/pa-requirements/west/UHC-West-PA-Effective-10-2025.pdf
11:43:24 INFO  doc.found          UHC | UnitedHealthcare West Prior Authorization Requirements - Effective January 1, 2025 -> https://www.uhcprovider.com/content/dam/provider/docs/public/prior-auth/pa-requirements/west/UHC-West-PA-Effective-1-1-2025.pdf
11:43:25 INFO  doc.found          UHC | UnitedHealthcare West Prior Authorization Requirements - Effective November 1, 2024 -> https://www.uhcprovider.com/content/dam/provider/docs/public/prior-auth/pa-requirements/west/UHC-West-PA-Effective-11-1-2024.pdf
11:43:26 INFO  doc.found          UHC | UnitedHealthcare West Prior Authorization Requirements - Effective October 1, 2024 -> https://www.uhcprovider.com/content/dam/provider/docs/public/prior-auth/pa-requirements/west/UHC-West-PA-Effective-10-1-2024.pdf
11:43:28 INFO  doc.found          UHC | UnitedHealthcare of the River Valley Prior Authorization Requirements - Effective July 1, 2026 -> https://www.uhcprovider.com/content/dam/provider/docs/public/prior-auth/pa-requirements/river-valley/UHC-River-Valley-Prior-Authorization-Effective-7-2026.pdf
11:43:30 INFO  doc.found          UHC | UnitedHealthcare of the River Valley Prior Authorization Requirements - Effective April 1, 2026 -> https://www.uhcprovider.com/content/dam/provider/docs/public/prior-auth/pa-requirements/river-valley/UHC-River-Valley-Prior-Authorization-Effective-4-2026.pdf
11:43:31 INFO  doc.found          UHC | UnitedHealthcare of the River Valley Prior Authorization Requirements - Effective November 1, 2025 -> https://www.uhcprovider.com/content/dam/provider/docs/public/prior-auth/pa-requirements/river-valley/UHC-River-Valley-Prior-Authorization-Effective-11-2025.pdf
11:43:33 INFO  doc.found          UHC | UnitedHealthcare of the River Valley Prior Authorization Requirements - Effective January 1, 2026 -> https://www.uhcprovider.com/content/dam/provider/docs/public/prior-auth/pa-requirements/river-valley/UHC-River-Valley-Prior-Authorization-Effective-1-2026.pdf
11:43:34 INFO  doc.found          UHC | UnitedHealthcare of the River Valley Prior Authorization Requirements - Effective October 1, 2025 -> https://www.uhcprovider.com/content/dam/provider/docs/public/prior-auth/pa-requirements/river-valley/UHC-River-Valley-Prior-Authorization-Effective-10-1-2025.pdf
11:43:34 INFO  doc.found          UHC | UnitedHealthcare of the River Valley Prior Authorization Requirements - Effective March 1, 2026 -> https://www.uhcprovider.com/content/dam/provider/docs/public/prior-auth/pa-requirements/river-valley/UHC-River-Valley-Prior-Authorization-Effective-3-2026.pdf
11:43:35 INFO  doc.found          UHC | UnitedHealthcare of the River Valley Prior Authorization Requirements - Effective July 1, 2025 -> https://www.uhcprovider.com/content/dam/provider/docs/public/prior-auth/pa-requirements/river-valley/UHC-River-Valley-Prior-Authorization-Effective-7-1-2025.pdf
11:43:36 INFO  doc.found          UHC | UnitedHealthcare of the River Valley Prior Authorization Requirements - Effective June 1, 2025 -> https://www.uhcprovider.com/content/dam/provider/docs/public/prior-auth/pa-requirements/river-valley/UHC-River-Valley-Prior-Authorization-Effective-6-1-2025.pdf
11:43:37 INFO  doc.found          UHC | UnitedHealthcare of the River Valley Prior Authorization Requirements - Effective May 1, 2025 -> https://www.uhcprovider.com/content/dam/provider/docs/public/prior-auth/pa-requirements/river-valley/UHC-River-Valley-Prior-Authorization-Effective-5-1-2025.pdf
11:43:38 INFO  doc.found          UHC | UnitedHealthcare of the River Valley Prior Authorization Requirements - Effective Apr. 1, 2025 -> https://www.uhcprovider.com/content/dam/provider/docs/public/prior-auth/pa-requirements/river-valley/UHC-River-Valley-Prior-Authorization-Effective-4-1-2025.pdf
11:43:39 INFO  doc.found          UHC | UnitedHealthcare of the River Valley Prior Authorization Requirements - Effective Mar. 1, 2025 -> https://www.uhcprovider.com/content/dam/provider/docs/public/prior-auth/pa-requirements/river-valley/UHC-River-Valley-Prior-Authorization-Effective-3-1-2025.pdf
11:43:41 INFO  doc.found          UHC | UnitedHealthcare of the River Valley Prior Authorization Requirements - Effective Feb. 1, 2025 -> https://www.uhcprovider.com/content/dam/provider/docs/public/prior-auth/pa-requirements/river-valley/UHC-River-Valley-Prior-Authorization-Effective-2-1-2025.pdf
11:43:41 INFO  doc.found          UHC | UnitedHealthcare of the River Valley Prior Authorization Requirements - Effective Jan. 1, 2025 -> https://www.uhcprovider.com/content/dam/provider/docs/public/prior-auth/pa-requirements/river-valley/UHC-River-Valley-Prior-Authorization-Effective-1-1-2025.pdf
11:43:42 INFO  doc.found          UHC | UnitedHealthcare of the River Valley Prior Authorization Requirements - Effective Dec. 1, 2024 -> https://www.uhcprovider.com/content/dam/provider/docs/public/prior-auth/pa-requirements/river-valley/UHC-River-Valley-Prior-Authorization-Effective-12-1-2024.pdf
11:43:44 INFO  doc.found          UHC | UnitedHealthcare of the River Valley Prior Authorization Requirements - Effective Nov. 1, 2024 -> https://www.uhcprovider.com/content/dam/provider/docs/public/prior-auth/pa-requirements/river-valley/UHC-River-Valley-Prior-Authorization-Effective-11-1-2024.pdf
11:43:45 INFO  doc.found          UHC | UnitedHealthcare of the River Valley Prior Authorization Requirements - Effective Oct. 1, 2024 -> https://www.uhcprovider.com/content/dam/provider/docs/public/prior-auth/pa-requirements/river-valley/UHC-River-Valley-Prior-Authorization-Effective-10-1-2024.pdf
11:43:46 INFO  doc.found          UHC | Prior authorization requirements for Surest health plans - Effective July 1, 2026 - Surest Health Plans -> https://www.uhcprovider.com/content/dam/provider/docs/public/prior-auth/pa-requirements/surest/Surest-Prior-Auth-7-2026.pdf
11:43:49 INFO  doc.found          UHC | Prior authorization requirements for Surest health plans - Effective April 1, 2026 - Surest Health Plans -> https://www.uhcprovider.com/content/dam/provider/docs/public/prior-auth/pa-requirements/surest/Surest-Prior-Auth-4-2026.pdf
11:43:50 INFO  doc.found          UHC | Prior authorization requirements for Surest health plans - Effective March 1, 2026 - Surest Health Plans -> https://www.uhcprovider.com/content/dam/provider/docs/public/prior-auth/pa-requirements/surest/Surest-Prior-Auth-3-2026.pdf
11:43:51 INFO  doc.found          UHC | Prior authorization requirements for Surest health plans - Effective November 1, 2025 - Surest Health Plans -> https://www.uhcprovider.com/content/dam/provider/docs/public/prior-auth/pa-requirements/surest/Surest-Prior-Auth-11-2025.pdf
11:43:51 INFO  doc.found          UHC | Prior authorization requirements for Surest health plans - Effective January 1, 2026 - Surest Health Plans -> https://www.uhcprovider.com/content/dam/provider/docs/public/prior-auth/pa-requirements/surest/Surest-Prior-Auth-1-2026.pdf
11:43:52 INFO  doc.found          UHC | Prior authorization requirements for Surest health plans - Effective October 1, 2025 - Surest Health Plans -> https://www.uhcprovider.com/content/dam/provider/docs/public/prior-auth/pa-requirements/surest/Surest-Prior-Auth-10-1-2025.pdf
11:43:54 INFO  doc.found          UHC | Prior authorization requirements for Surest health plans - Effective July 1, 2025 - Surest Health Plans -> https://www.uhcprovider.com/content/dam/provider/docs/public/prior-auth/pa-requirements/surest/Surest-Prior-Auth-7-1-2025.pdf
11:43:55 INFO  doc.found          UHC | Prior authorization requirements for Surest health plans - Effective June 1, 2025 - Surest Health Plans -> https://www.uhcprovider.com/content/dam/provider/docs/public/prior-auth/pa-requirements/surest/Surest-Prior-Auth-6-1-2025.pdf
11:43:56 INFO  doc.found          UHC | Prior authorization requirements for Surest health plans - Effective May 1, 2025 - Surest Health Plans -> https://www.uhcprovider.com/content/dam/provider/docs/public/prior-auth/pa-requirements/surest/Surest-Prior-Auth-5-1-2025.pdf
11:43:59 INFO  doc.found          UHC | Effective Apr. 1, 2025 -> https://www.uhcprovider.com/content/dam/provider/docs/public/prior-auth/pa-requirements/surest/Surest-Prior-Auth-4-1-2025.pdf
11:43:59 INFO  doc.found          UHC | Prior authorization requirements for Surest health plans - Effective March 1, 2025 - Surest Health Plans -> https://www.uhcprovider.com/content/dam/provider/docs/public/prior-auth/pa-requirements/surest/Surest-Prior-Auth-3-1-2025.pdf
11:44:00 INFO  doc.found          UHC | Prior authorization requirements for Surest health plans - Effective February 1, 2025 - Surest Health Plans -> https://www.uhcprovider.com/content/dam/provider/docs/public/prior-auth/pa-requirements/surest/Surest-Prior-Auth-2-1-2025.pdf
11:44:02 INFO  doc.found          UHC | Prior authorization requirements for Surest health plans - Effective January 1, 2025 - Surest Health Plans -> https://www.uhcprovider.com/content/dam/provider/docs/public/prior-auth/pa-requirements/surest/Surest-Prior-Auth-1-1-2025.pdf
11:44:03 INFO  doc.found          UHC | Prior authorization requirements for Surest health plans - Effective November 1, 2024 - Surest Health Plans -> https://www.uhcprovider.com/content/dam/provider/docs/public/prior-auth/pa-requirements/surest/Surest-Prior-Auth-11-1-2024.pdf
11:44:04 INFO  doc.found          UHC | Oxford Health Plans Advance Notification/Prior Authorization Requirements - Effective July 1, 2026 -> https://www.uhcprovider.com/content/dam/provider/docs/public/prior-auth/pa-requirements/oxford/Oxford-Prior-Auth-7-1-2026.pdf
11:44:04 INFO  doc.found          UHC | Prior authorization requirements for Surest health plans - Effective October 1, 2024 - Surest Health Plans -> https://www.uhcprovider.com/content/dam/provider/docs/public/prior-auth/pa-requirements/surest/Surest-Prior-Auth-10-1-2024.pdf
11:44:06 INFO  doc.found          UHC | Oxford Health Plans Advance Notification/Prior Authorization Requirements - Effective April 1, 2026 -> https://www.uhcprovider.com/content/dam/provider/docs/public/prior-auth/pa-requirements/oxford/Oxford-Prior-Auth-4-1-2026.pdf
11:44:07 INFO  doc.found          UHC | Oxford Health Plans Advance Notification/Prior Authorization Requirements - Effective March 1, 2026 -> https://www.uhcprovider.com/content/dam/provider/docs/public/prior-auth/pa-requirements/oxford/Oxford-Prior-Auth-3-1-2026.pdf
11:44:08 INFO  doc.found          UHC | Oxford Health Plans Advance Notification/Prior Authorization Requirements - Effective January 1, 2026 -> https://www.uhcprovider.com/content/dam/provider/docs/public/prior-auth/pa-requirements/oxford/Oxford-Prior-Auth-1-1-2026.pdf
11:44:09 INFO  doc.found          UHC | Oxford Health Plans Advance Notification/Prior Authorization Requirements - Effective November 1, 2025 -> https://www.uhcprovider.com/content/dam/provider/docs/public/prior-auth/pa-requirements/oxford/Oxford-Prior-Auth-11-1-2025.pdf
11:44:10 INFO  doc.found          UHC | Oxford Health Plans Advance Notification/Prior Authorization Requirements - Effective October 1, 2025 -> https://www.uhcprovider.com/content/dam/provider/docs/public/prior-auth/pa-requirements/oxford/Oxford-Prior-Auth-10-1-2025.pdf
11:44:12 INFO  doc.found          UHC | Oxford Health Plans Advance Notification/Prior Authorization Requirements - Effective July 1, 2025 -> https://www.uhcprovider.com/content/dam/provider/docs/public/prior-auth/pa-requirements/oxford/Oxford-Prior-Auth-7-1-2025.pdf
11:44:13 INFO  doc.found          UHC | Oxford Health Plans Advance Notification/Prior Authorization Requirements - Effective June 1, 2025 -> https://www.uhcprovider.com/content/dam/provider/docs/public/prior-auth/pa-requirements/oxford/Oxford-Prior-Auth-6-1-2025.pdf
11:44:15 INFO  doc.found          UHC | Oxford Health Plans Advance Notification/Prior Authorization Requirements - Effective May 1, 2025 -> https://www.uhcprovider.com/content/dam/provider/docs/public/prior-auth/pa-requirements/oxford/Oxford-Prior-Auth-5-1-2025.pdf
11:44:15 INFO  doc.found          UHC | Effective Apr. 1, 2025 -> https://www.uhcprovider.com/content/dam/provider/docs/public/prior-auth/pa-requirements/oxford/Oxford-Prior-Auth-4-1-2025.pdf
11:44:17 INFO  doc.found          UHC | Effective Mar. 1, 2025 -> https://www.uhcprovider.com/content/dam/provider/docs/public/prior-auth/pa-requirements/oxford/Oxford-Prior-Auth-3-1-2025.pdf
11:44:19 INFO  doc.found          UHC | Oxford Health Plans Advance Notification/Prior Authorization Requirements - Effective Jan. 1, 2025 -> https://www.uhcprovider.com/content/dam/provider/docs/public/prior-auth/pa-requirements/oxford/Oxford-Prior-Auth-1-1-2025.pdf
11:44:19 INFO  doc.found          UHC | Oxford Health Plans Advance Notification/Prior Authorization Requirements - Effective Feb. 1, 2025 -> https://www.uhcprovider.com/content/dam/provider/docs/public/prior-auth/pa-requirements/oxford/Oxford-Prior-Auth-2-1-2025.pdf
11:44:21 INFO  doc.found          UHC | Oxford Health Plans Advance Notification/Prior Authorization Requirements - Effective Dec. 1, 2024 -> https://www.uhcprovider.com/content/dam/provider/docs/public/prior-auth/pa-requirements/oxford/Oxford-Prior-Auth-12-1-2024.pdf
11:44:22 INFO  doc.found          UHC | Oxford Health Plans Advance Notification/Prior Authorization Requirements - Effective Nov. 1, 2024 -> https://www.uhcprovider.com/content/dam/provider/docs/public/prior-auth/pa-requirements/oxford/Oxford-Prior-Auth-11-1-2024.pdf
11:44:22 INFO  doc.found          UHC | Oxford Health Plans Advance Notification/Prior Authorization Requirements - Effective Oct. 1, 2024 -> https://www.uhcprovider.com/content/dam/provider/docs/public/prior-auth/pa-requirements/oxford/Oxford-Prior-Auth-10-1-2024.pdf
11:44:24 INFO  doc.found          UHC | Neighborhood Health Partnership Advance Notification/Prior Authorization Requirements - Effective July 1, 2026 -> https://www.uhcprovider.com/content/dam/provider/docs/public/prior-auth/pa-requirements/nhp/UHC-NHP-Advance-Notification-Guide-Effective-7-2026.pdf
11:44:25 INFO  doc.found          UHC | Neighborhood Health Partnership Advance Notification/Prior Authorization Requirements - Effective April 1, 2026 -> https://www.uhcprovider.com/content/dam/provider/docs/public/prior-auth/pa-requirements/nhp/UHC-NHP-Advance-Notification-Guide-Effective-4-2026.pdf
11:44:27 INFO  doc.found          UHC | Neighborhood Health Partnership Advance Notification/Prior Authorization Requirements - Effective March 1, 2026 -> https://www.uhcprovider.com/content/dam/provider/docs/public/prior-auth/pa-requirements/nhp/UHC-NHP-Advance-Notification-Guide-Effective-3-2026.pdf
11:44:29 INFO  doc.found          UHC | Neighborhood Health Partnership Advance Notification/Prior Authorization Requirements - Effective January 1, 2026 -> https://www.uhcprovider.com/content/dam/provider/docs/public/prior-auth/pa-requirements/nhp/UHC-NHP-Advance-Notification-Guide-Effective-1-2026.pdf
11:44:30 INFO  doc.found          UHC | Neighborhood Health Partnership Advance Notification/Prior Authorization Requirements - Effective November 1, 2025 -> https://www.uhcprovider.com/content/dam/provider/docs/public/prior-auth/pa-requirements/nhp/UHC-NHP-Advance-Notification-Guide-Effective-11-2025.pdf
11:44:30 INFO  doc.found          UHC | Neighborhood Health Partnership Advance Notification/Prior Authorization Requirements - Effective October 1, 2025 -> https://www.uhcprovider.com/content/dam/provider/docs/public/prior-auth/pa-requirements/nhp/UHC-NHP-Advance-Notification-Guide-Effective-10-1-2025.pdf
11:44:32 INFO  doc.found          UHC | Neighborhood Health Partnership Advance Notification/Prior Authorization Requirements - Effective July 1, 2025 -> https://www.uhcprovider.com/content/dam/provider/docs/public/prior-auth/pa-requirements/nhp/UHC-NHP-Advance-Notification-Guide-Effective-7-1-2025.pdf
11:44:33 INFO  doc.found          UHC | Neighborhood Health Partnership Advance Notification/Prior Authorization Requirements - Effective June 1, 2025 -> https://www.uhcprovider.com/content/dam/provider/docs/public/prior-auth/pa-requirements/nhp/UHC-NHP-Advance-Notification-Guide-Effective-6-1-2025.pdf
11:44:34 INFO  doc.found          UHC | Neighborhood Health Partnership Advance Notification/Prior Authorization Requirements - Effective May 1, 2025 -> https://www.uhcprovider.com/content/dam/provider/docs/public/prior-auth/pa-requirements/nhp/UHC-NHP-Advance-Notification-Guide-Effective-5-1-2025.pdf
11:44:36 INFO  doc.found          UHC | Neighborhood Health Partnership Advance Notification/Prior Authorization Requirements - Effective Apr. 1, 2025 -> https://www.uhcprovider.com/content/dam/provider/docs/public/prior-auth/pa-requirements/nhp/UHC-NHP-Advance-Notification-Guide-Effective-4-1-2025.pdf
11:44:37 INFO  doc.found          UHC | Neighborhood Health Partnership Advance Notification/Prior Authorization Requirements - Effective Mar. 1, 2025 -> https://www.uhcprovider.com/content/dam/provider/docs/public/prior-auth/pa-requirements/nhp/UHC-NHP-Advance-Notification-Guide-Effective-3-1-2025.pdf
11:44:40 INFO  doc.found          UHC | Neighborhood Health Partnership Advance Notification/Prior Authorization Requirements - Effective Feb. 1, 2025 -> https://www.uhcprovider.com/content/dam/provider/docs/public/prior-auth/pa-requirements/nhp/UHC-NHP-Advance-Notification-Guide-Effective-2-1-2025.pdf
11:44:41 INFO  doc.found          UHC | Neighborhood Health Partnership Advance Notification/Prior Authorization Requirements - Effective Jan. 1, 2025 -> https://www.uhcprovider.com/content/dam/provider/docs/public/prior-auth/pa-requirements/nhp/UHC-NHP-Advance-Notification-Guide-Effective-1-1-2025.pdf
11:44:42 INFO  doc.found          UHC | Neighborhood Health Partnership Advance Notification/Prior Authorization Requirements - Effective Nov. 1, 2024 -> https://www.uhcprovider.com/content/dam/provider/docs/public/prior-auth/pa-requirements/nhp/UHC-NHP-Advance-Notification-Guide-Effective-11-1-2024.pdf
11:44:43 INFO  doc.found          UHC | Neighborhood Health Partnership Advance Notification/Prior Authorization Requirements - Effective Dec. 1, 2024 -> https://www.uhcprovider.com/content/dam/provider/docs/public/prior-auth/pa-requirements/nhp/UHC-NHP-Advance-Notification-Guide-Effective-12-1-2024.pdf
11:44:43 INFO  doc.found          UHC | Neighborhood Health Partnership Advance Notification/Prior Authorization Requirements - Effective Oct. 1, 2024 -> https://www.uhcprovider.com/content/dam/provider/docs/public/prior-auth/pa-requirements/nhp/UHC-NHP-Advance-Notification-Guide-Effective-10-1-2024.pdf
11:44:45 INFO  doc.found          UHC | Prior authorization requirements for UnitedHealthcare Complete Effective July 1, 2026 -> https://www.uhcprovider.com/content/dam/provider/docs/public/prior-auth/pa-requirements/uhc-complete/UHC-Complete-7-1-26.pdf
11:44:46 INFO  doc.found          UHC | Prior authorization requirements for UnitedHealthcare Complete Effective June 1, 2026 -> https://www.uhcprovider.com/content/dam/provider/docs/public/prior-auth/pa-requirements/uhc-complete/UHC-Complete-6-1-26.pdf
11:44:48 INFO  doc.found          UHC | Prior authorization requirements for UnitedHealthcare Complete Effective May 1, 2026 -> https://www.uhcprovider.com/content/dam/provider/docs/public/prior-auth/pa-requirements/uhc-complete/UHC-Complete-5-1-26.pdf
11:44:50 INFO  doc.found          UHC | Prior authorization requirements for UnitedHealthcare Complete Effective Mar. 1, 2026 -> https://www.uhcprovider.com/content/dam/provider/docs/public/prior-auth/pa-requirements/uhc-complete/UHC-Complete-3-1-26.pdf
11:44:50 INFO  doc.found          UHC | Prior authorization requirements for UnitedHealthcare Complete Effective Jan. 1, 2026 -> https://www.uhcprovider.com/content/dam/provider/docs/public/prior-auth/pa-requirements/uhc-complete/UHC-Complete-1-1-26.pdf
11:44:51 INFO  doc.found          UHC | Prior authorization requirements for UnitedHealthcare Complete Effective Dec. 1, 2025 -> https://www.uhcprovider.com/content/dam/provider/docs/public/prior-auth/pa-requirements/uhc-complete/UHC-Complete-12-1-25.pdf
11:44:52 INFO  doc.found          UHC | Prior authorization requirements for UnitedHealthcare Complete Effective Feb. 1, 2026 -> https://www.uhcprovider.com/content/dam/provider/docs/public/prior-auth/pa-requirements/uhc-complete/UHC-Complete-2-1-26.pdf
11:44:53 INFO  doc.found          UHC | UnitedHealthcare Medicare Advantage Prior Authorization Requirements - Effective July 1, 2026 -> https://www.uhcprovider.com/content/dam/provider/docs/public/prior-auth/pa-requirements/medicare/Med-Adv-Dual-Eff-7-1-26.pdf
11:44:54 INFO  doc.found          UHC | UnitedHealthcare Medicare Advantage Prior Authorization Requirements - Effective May 1, 2026 -> https://www.uhcprovider.com/content/dam/provider/docs/public/prior-auth/pa-requirements/medicare/Med-Adv-Dual-Eff-5-1-26.pdf
11:44:55 INFO  doc.found          UHC | UnitedHealthcare Medicare Advantage Prior Authorization Requirements - Effective June 1, 2026 -> https://www.uhcprovider.com/content/dam/provider/docs/public/prior-auth/pa-requirements/medicare/Med-Adv-Dual-Eff-6-1-26.pdf
11:44:57 INFO  doc.found          UHC | UnitedHealthcare Medicare Advantage Prior Authorization Requirements - Effective Apr. 1, 2026 -> https://www.uhcprovider.com/content/dam/provider/docs/public/prior-auth/pa-requirements/medicare/Med-Adv-Dual-Eff-4-1-26.pdf
11:44:58 INFO  doc.found          UHC | UnitedHealthcare Medicare Advantage Prior Authorization Requirements - Effective Mar. 1, 2026 -> https://www.uhcprovider.com/content/dam/provider/docs/public/prior-auth/pa-requirements/medicare/Med-Adv-Dual-Eff-3-1-26.pdf
11:44:58 INFO  doc.found          UHC | UnitedHealthcare Medicare Advantage Prior Authorization Requirements - Effective Feb. 1, 2026 -> https://www.uhcprovider.com/content/dam/provider/docs/public/prior-auth/pa-requirements/medicare/Med-Adv-Dual-Eff-2-1-26.pdf
11:45:00 INFO  doc.found          UHC | UnitedHealthcare Medicare Advantage Prior Authorization Requirements - Effective Jan. 1, 2026 -> https://www.uhcprovider.com/content/dam/provider/docs/public/prior-auth/pa-requirements/medicare/Med-Adv-Dual-Eff-1-1-26.pdf
11:45:01 INFO  doc.found          UHC | UnitedHealthcare Medicare Advantage Prior Authorization Requirements - Effective Nov. 1, 2025 -> https://www.uhcprovider.com/content/dam/provider/docs/public/prior-auth/pa-requirements/medicare/Med-Adv-Dual-Effective-11-1-2025.pdf
11:45:02 INFO  doc.found          UHC | UnitedHealthcare Medicare Advantage Prior Authorization Requirements - Effective Oct. 1, 2025 -> https://www.uhcprovider.com/content/dam/provider/docs/public/prior-auth/pa-requirements/medicare/Med-Adv-Dual-Effective-10-1-2025.pdf
11:45:03 INFO  doc.found          UHC | UnitedHealthcare Medicare Advantage Prior Authorization Requirements - Effective Sept. 1, 2025 -> https://www.uhcprovider.com/content/dam/provider/docs/public/prior-auth/pa-requirements/medicare/Med-Adv-Dual-Effective-9-1-2025.pdf
11:45:05 INFO  doc.found          UHC | UnitedHealthcare Medicare Advantage Prior Authorization Requirements - Effective July 1, 2025 -> https://www.uhcprovider.com/content/dam/provider/docs/public/prior-auth/pa-requirements/medicare/Med-Adv-Dual-Effective-7-1-2025.pdf
11:45:07 INFO  doc.found          UHC | UnitedHealthcare Medicare Advantage Prior Authorization Requirements - Effective May 1, 2025 -> https://www.uhcprovider.com/content/dam/provider/docs/public/prior-auth/pa-requirements/medicare/Med-Adv-Dual-Effective-5-1-2025.pdf
11:45:08 INFO  doc.found          UHC | UnitedHealthcare Medicare Advantage Prior Authorization Requirements - Effective April 1, 2025 -> https://www.uhcprovider.com/content/dam/provider/docs/public/prior-auth/pa-requirements/medicare/Med-Adv-Dual-Effective-4-1-2025.pdf
11:45:09 INFO  doc.found          UHC | UnitedHealthcare Medicare Advantage Prior Authorization Requirements - Effective March 1, 2025 -> https://www.uhcprovider.com/content/dam/provider/docs/public/prior-auth/pa-requirements/medicare/Med-Adv-Dual-Effective-3-1-2025.pdf
11:45:10 INFO  doc.found          UHC | UnitedHealthcare Medicare Advantage Prior Authorization Requirements - Effective February 1, 2025 -> https://www.uhcprovider.com/content/dam/provider/docs/public/prior-auth/pa-requirements/medicare/Med-Adv-Dual-Effective-2-1-2025.pdf
11:45:11 INFO  doc.found          UHC | UnitedHealthcare Medicare Advantage Prior Authorization Requirements - Effective January 1, 2025 -> https://www.uhcprovider.com/content/dam/provider/docs/public/prior-auth/pa-requirements/medicare/Med-Adv-Dual-Effective-1-1-2025.pdf
11:45:12 INFO  doc.found          UHC | UnitedHealthcare Medicare Advantage Prior Authorization Requirements - Effective December 1, 2024 -> https://www.uhcprovider.com/content/dam/provider/docs/public/prior-auth/pa-requirements/medicare/Med-Adv-Dual-Effective-12-01-2024.pdf
11:45:13 INFO  doc.found          UHC | UnitedHealthcare Medicare Advantage Prior Authorization Requirements - Effective November 1, 2024 -> https://www.uhcprovider.com/content/dam/provider/docs/public/prior-auth/pa-requirements/medicare/Med-Adv-Dual-Effective-11-01-2024.pdf
11:45:14 INFO  doc.found          UHC | UnitedHealthcare Medicare Advantage Prior Authorization Requirements - Effective October 1, 2024 -> https://www.uhcprovider.com/content/dam/provider/docs/public/prior-auth/pa-requirements/medicare/Med-Adv-Dual-Effective-10-01-2024.pdf
11:45:16 INFO  doc.found          UHC | UnitedHealthcare Community Plan Prior Authorization Requirements Florida - Effective July 1, 2026 -> https://www.uhcprovider.com/content/dam/provider/docs/public/prior-auth/pa-requirements/pcn/UHC-Preferred-Care-Florida-Medicare-Eff-7-1-26.pdf
11:45:16 INFO  doc.found          UHC | UnitedHealthcare Community Plan Prior Authorization Requirements Florida - Effective June 1, 2026 -> https://www.uhcprovider.com/content/dam/provider/docs/public/prior-auth/pa-requirements/pcn/UHC-Preferred-Care-Florida-Medicare-Eff-6-1-26.pdf
11:45:18 INFO  doc.found          UHC | UnitedHealthcare Community Plan Prior Authorization Requirements Florida - Effective May 1, 2026 -> https://www.uhcprovider.com/content/dam/provider/docs/public/prior-auth/pa-requirements/pcn/UHC-Preferred-Care-Florida-Medicare-Eff-5-1-26.pdf
11:45:20 INFO  doc.found          UHC | UnitedHealthcare Community Plan Prior Authorization Requirements Florida - Effective Apr. 1, 2026 -> https://www.uhcprovider.com/content/dam/provider/docs/public/prior-auth/pa-requirements/pcn/UHC-Preferred-Care-Florida-Medicare-Eff-4-1-26.pdf
11:45:20 INFO  doc.found          UHC | UnitedHealthcare Community Plan Prior Authorization Requirements Florida - Effective Mar. 1, 2026 -> https://www.uhcprovider.com/content/dam/provider/docs/public/prior-auth/pa-requirements/pcn/UHC-Preferred-Care-Florida-Medicare-Eff-3-1-26.pdf
11:45:22 INFO  doc.found          UHC | UnitedHealthcare Community Plan Prior Authorization Requirements Florida - Effective Feb. 1, 2026 -> https://www.uhcprovider.com/content/dam/provider/docs/public/prior-auth/pa-requirements/pcn/UHC-Preferred-Care-Florida-Medicare-Eff-2-1-26.pdf
11:45:23 INFO  doc.found          UHC | UnitedHealthcare Community Plan Prior Authorization Requirements Florida - Effective Jan. 1, 2026 -> https://www.uhcprovider.com/content/dam/provider/docs/public/prior-auth/pa-requirements/pcn/UHC-Preferred-Care-Florida-Medicare-Eff-1-1-26.pdf
11:45:24 INFO  doc.found          UHC | UnitedHealthcare Community Plan Prior Authorization Requirements Florida - Effective Nov. 1, 2025 -> https://www.uhcprovider.com/content/dam/provider/docs/public/prior-auth/pa-requirements/pcn/UHC-Preferred-Care-Florida-Medicare-Effective-11-1-2025.pdf
11:45:27 INFO  doc.found          UHC | UnitedHealthcare Community Plan Prior Authorization Requirements Florida - Effective Oct. 1, 2025 -> https://www.uhcprovider.com/content/dam/provider/docs/public/prior-auth/pa-requirements/pcn/UHC-Preferred-Care-Florida-Medicare-Effective-10-1-2025.pdf
11:45:28 INFO  doc.found          UHC | UnitedHealthcare Community Plan Prior Authorization Requirements Florida - Effective Sept. 1, 2025 -> https://www.uhcprovider.com/content/dam/provider/docs/public/prior-auth/pa-requirements/pcn/UHC-Preferred-Care-Florida-Medicare-Effective-9-1-2025.pdf
11:45:28 INFO  doc.found          UHC | UnitedHealthcare Community Plan Prior Authorization Requirements Florida - Effective July 1, 2025 -> https://www.uhcprovider.com/content/dam/provider/docs/public/prior-auth/pa-requirements/pcn/UHC-Preferred-Care-Florida-Medicare-Effective-7-1-2025.pdf
11:45:30 INFO  doc.found          UHC | UnitedHealthcare Community Plan Prior Authorization Requirements Florida - Effective March 1, 2025 -> https://www.uhcprovider.com/content/dam/provider/docs/public/prior-auth/pa-requirements/pcn/UHC-Preferred-Care-Florida-Medicare-Effective-3-1-2025.pdf
11:45:31 INFO  doc.found          UHC | UnitedHealthcare Community Plan Prior Authorization Requirements Florida - Effective April 1, 2025 -> https://www.uhcprovider.com/content/dam/provider/docs/public/prior-auth/pa-requirements/pcn/UHC-Preferred-Care-Florida-Medicare-Effective-4-1-2025.pdf
11:45:32 INFO  doc.found          UHC | Preferred Care Network and Preferred Care Partners of Florida Prior Authorization Requirements - Effective January 1, 2025 -> https://www.uhcprovider.com/content/dam/provider/docs/public/prior-auth/pa-requirements/pcn/UHC-Preferred-Care-Florida-Medicare-Effective-1-1-2025.pdf
11:45:33 INFO  doc.found          UHC | Preferred Care Network and Preferred Care Partners of Florida Prior Authorization Requirements - Effective February 1, 2025 -> https://www.uhcprovider.com/content/dam/provider/docs/public/prior-auth/pa-requirements/pcn/UHC-Preferred-Care-Florida-Medicare-Effective-2-1-2025.pdf
11:45:35 INFO  doc.found          UHC | Preferred Care Network and Preferred Care Partners of Florida Prior Authorization Requirements - Effective December 1, 2024 -> https://www.uhcprovider.com/content/dam/provider/docs/public/prior-auth/pa-requirements/pcn/UHC-Preferred-Care-Florida-Medicare-Effective-12-1-2024.pdf
11:45:36 INFO  doc.found          UHC | Preferred Care Network and Preferred Care Partners of Florida Prior Authorization Requirements - Effective November 1, 2024 -> https://www.uhcprovider.com/content/dam/provider/docs/public/prior-auth/pa-requirements/pcn/UHC-Preferred-Care-Florida-Medicare-Effective-11-1-2024.pdf
11:45:37 INFO  doc.found          UHC | Preferred Care Network and Preferred Care Partners of Florida Prior Authorization Requirements - Effective October 1, 2024 -> https://www.uhcprovider.com/content/dam/provider/docs/public/prior-auth/pa-requirements/pcn/UHC-Preferred-Care-Florida-Medicare-Effective-10-1-2024.pdf
11:45:38 INFO  doc.found          UHC | UnitedHealthcare Exchange Plans Advance Notification/Prior Authorization Requirements - Effective July 1, 2026 -> https://www.uhcprovider.com/content/dam/provider/docs/public/prior-auth/exchanges/UHC-Exchange-Plans-Advance-Notification-PA-Eff-7-1-26.pdf
11:45:41 INFO  doc.found          UHC | UnitedHealthcare Exchange Plans Advance Notification/Prior Authorization Requirements - Effective June 1, 2026 -> https://www.uhcprovider.com/content/dam/provider/docs/public/prior-auth/exchanges/UHC-Exchange-Plans-Advance-Notification-PA-Eff-6-1-26.pdf
11:45:41 INFO  doc.found          UHC | UnitedHealthcare Exchange Plans Advance Notification/Prior Authorization Requirements - Effective May 1, 2026 -> https://www.uhcprovider.com/content/dam/provider/docs/public/prior-auth/exchanges/UHC-Exchange-Plans-Advance-Notification-PA-Eff-5-1-26.pdf
11:45:43 INFO  doc.found          UHC | UnitedHealthcare Exchange Plans Advance Notification/Prior Authorization Requirements - Effective Apr. 1, 2026 -> https://www.uhcprovider.com/content/dam/provider/docs/public/prior-auth/exchanges/UHC-Exchange-Plans-Advance-Notification-PA-Eff-4-1-26.pdf
11:45:44 INFO  doc.found          UHC | UnitedHealthcare Exchange Plans Advance Notification/Prior Authorization Requirements - Effective Mar. 1, 2026 -> https://www.uhcprovider.com/content/dam/provider/docs/public/prior-auth/exchanges/UHC-Exchange-Plans-Advance-Notification-PA-Eff-3-1-26.pdf
11:45:44 INFO  doc.found          UHC | UnitedHealthcare Exchange Plans Advance Notification/Prior Authorization Requirements - Effective Feb. 1, 2026 -> https://www.uhcprovider.com/content/dam/provider/docs/public/prior-auth/exchanges/UHC-Exchange-Plans-Advance-Notification-PA-Eff-2-1-26.pdf
11:45:46 INFO  doc.found          UHC | UnitedHealthcare Exchange Plans Advance Notification/Prior Authorization Requirements - Effective Jan. 1, 2026 -> https://www.uhcprovider.com/content/dam/provider/docs/public/prior-auth/exchanges/UHC-Exchange-Plans-Advance-Notification-PA-Eff-1-1-26.pdf
11:45:48 INFO  doc.found          UHC | UnitedHealthcare Exchange Plans Advance Notification/Prior Authorization Requirements - Effective Dec. 1, 2025 -> https://www.uhcprovider.com/content/dam/provider/docs/public/prior-auth/exchanges/UHC-Exchange-Plans-Advance-Notification-PA-Effective-12-1-25.pdf
11:45:49 INFO  doc.found          UHC | UnitedHealthcare Exchange Plans Advance Notification/Prior Authorization Requirements - Effective Nov. 1, 2025 -> https://www.uhcprovider.com/content/dam/provider/docs/public/prior-auth/exchanges/UHC-Exchange-Plans-Advance-Notification-PA-Effective-11-1-25.pdf
11:45:50 INFO  doc.found          UHC | UnitedHealthcare Exchange Plans Advance Notification/Prior Authorization Requirements - Effective Oct. 1, 2025 -> https://www.uhcprovider.com/content/dam/provider/docs/public/prior-auth/exchanges/UHC-Exchange-Plans-Advance-Notification-PA-Effective-10-1-25.pdf
11:45:51 INFO  doc.found          UHC | UnitedHealthcare Exchange Plans Advance Notification/Prior Authorization Requirements - Effective Sept. 1, 2025 -> https://www.uhcprovider.com/content/dam/provider/docs/public/prior-auth/exchanges/UHC-Exchange-Plans-Advance-Notification-PA-Effective-9-1-25.pdf
11:45:52 INFO  doc.found          UHC | UnitedHealthcare Exchange Plans Advance Notification/Prior Authorization Requirements - Effective August 1, 2025 -> https://www.uhcprovider.com/content/dam/provider/docs/public/prior-auth/exchanges/UHC-Exchange-Plans-Advance-Notification-PA-Effective-8-1-25.pdf
11:45:53 INFO  doc.found          UHC | UnitedHealthcare Exchange Plans Advance Notification/Prior Authorization Requirements - Effective July 1, 2025 -> https://www.uhcprovider.com/content/dam/provider/docs/public/prior-auth/exchanges/UHC-Exchange-Plans-Advance-Notification-PA-Effective-7-1-25.pdf
11:45:54 INFO  doc.found          UHC | UnitedHealthcare Exchange Plans Advance Notification/Prior Authorization Requirements - Effective May 1, 2025 -> https://www.uhcprovider.com/content/dam/provider/docs/public/prior-auth/exchanges/UHC-Exchange-Plans-Advance-Notification-PA-Effective-5-1-25.pdf
11:45:55 INFO  doc.found          UHC | UnitedHealthcare Exchange Plans Advance Notification/Prior Authorization Requirements - Effective April 1, 2025 -> https://www.uhcprovider.com/content/dam/provider/docs/public/prior-auth/exchanges/UHC-Exchange-Plans-Advance-Notification-PA-Effective-4-1-25.pdf
11:45:57 INFO  doc.found          UHC | UnitedHealthcare Exchange Plans Advance Notification/Prior Authorization Requirements - Effective March 1, 2025 -> https://www.uhcprovider.com/content/dam/provider/docs/public/prior-auth/exchanges/UHC-Exchange-Plans-Advance-Notification-PA-Effective-3-1-25.pdf
11:45:58 INFO  doc.found          UHC | UnitedHealthcare Exchange Plans Advance Notification/Prior Authorization Requirements - Effective February 1, 2025 -> https://www.uhcprovider.com/content/dam/provider/docs/public/prior-auth/exchanges/UHC-Exchange-Plans-Advance-Notification-PA-Effective-2-1-25.pdf
11:45:59 INFO  doc.found          UHC | UnitedHealthcare Exchange Plans Advance Notification/Prior Authorization Requirements - Effective January 1, 2025 -> https://www.uhcprovider.com/content/dam/provider/docs/public/prior-auth/exchanges/UHC-Exchange-Plans-Advance-Notification-PA-Effective-1-1-25.pdf
11:46:00 INFO  doc.found          UHC | UnitedHealthcare Exchange Plans Advance Notification/Prior Authorization Requirements - Effective December 1, 2024 -> https://www.uhcprovider.com/content/dam/provider/docs/public/prior-auth/exchanges/UHC-Exchange-Plans-Advance-Notification-PA-Effective-12-1-24.pdf
11:46:02 INFO  doc.found          UHC | UnitedHealthcare Exchange Plans Advance Notification/Prior Authorization Requirements - Effective October 1, 2024 -> https://www.uhcprovider.com/content/dam/provider/docs/public/prior-auth/exchanges/UHC-Exchange-Plans-Advance-Notification-PA-Effective-10-1-24.pdf
11:46:02 INFO  doc.found          UHC | Colorado: Behavioral health prior authorization requirements for RMHP Individual Exchange plans - Effective January 1, 2026 -> https://www.uhcprovider.com/content/dam/provider/docs/public/prior-auth/exchanges/behavioral-health/CO-RMHP-Exchange-BH-01-2026.pdf
11:46:02 INFO  doc.found          UHC | UnitedHealthcare Exchange Plans Advance Notification/Prior Authorization Requirements - Effective November 1, 2024 -> https://www.uhcprovider.com/content/dam/provider/docs/public/prior-auth/exchanges/UHC-Exchange-Plans-Advance-Notification-PA-Effective-11-1-24.pdf
11:46:04 INFO  doc.found          UHC | Alabama: Optum Behavioral Health Exchange plans Advanced Notification/Prior Authorization effective January 1, 2025 -> https://www.uhcprovider.com/content/dam/provider/docs/public/prior-auth/exchanges/behavioral-health/AL-Exchange-BH-Prior-Auth-Req-2025.pdf
11:46:05 INFO  doc.found          UHC | Arizona: Optum Behavioral Health Exchange plans Advanced Notification/Prior Authorization effective January 1, 2025 -> https://www.uhcprovider.com/content/dam/provider/docs/public/prior-auth/exchanges/behavioral-health/AZ-Exchange-BH-Prior-Auth-Req-2025.pdf
11:46:06 INFO  doc.found          UHC | Colorado: Optum Behavioral Health Exchange plans Advanced Notification/Prior Authorization effective January 1, 2025 -> https://www.uhcprovider.com/content/dam/provider/docs/public/prior-auth/exchanges/behavioral-health/CO-Exchange-BH-Prior-Auth-Req-2025.pdf
11:46:06 INFO  doc.found          UHC | Colorado: Behavioral health prior authorization requirements for RMHP Individual Exchange plans - Effective July 1, 2025 -> https://www.uhcprovider.com/content/dam/provider/docs/public/prior-auth/exchanges/behavioral-health/CO-RMHP-Exchange-BH-07-2025.pdf
11:46:07 INFO  doc.found          UHC | Florida: Optum Behavioral Health Exchange plans Advanced Notification/Prior Authorization effective January 1, 2025 -> https://www.uhcprovider.com/content/dam/provider/docs/public/prior-auth/exchanges/behavioral-health/FL-Exchange-BH-Prior-Auth-Req-2025.pdf
11:46:08 INFO  doc.found          UHC | Georgia: Optum Behavioral Health Exchange plans Advanced Notification/Prior Authorization effective January 1, 2025 -> https://www.uhcprovider.com/content/dam/provider/docs/public/prior-auth/exchanges/behavioral-health/GA-Exchange-BH-Prior-Auth-Req-2025.pdf
11:46:10 INFO  doc.found          UHC | Iowa: Optum Behavioral Health Exchange plans Advanced Notification/Prior Authorization effective January 1, 2025 -> https://www.uhcprovider.com/content/dam/provider/docs/public/prior-auth/exchanges/behavioral-health/IA-Exchange-BH-Prior-Auth-Req-2025.pdf
11:46:10 INFO  doc.found          UHC | Illinois: Optum Behavioral Health Exchange plans Advanced Notification/Prior Authorization effective January 1, 2025 -> https://www.uhcprovider.com/content/dam/provider/docs/public/prior-auth/exchanges/behavioral-health/IL-Exchange-BH-Prior-Auth-Req-2025.pdf
11:46:11 INFO  doc.found          UHC | Indiana: Optum Behavioral Health Exchange plans Advanced Notification/Prior Authorization effective January 1, 2025 -> https://www.uhcprovider.com/content/dam/provider/docs/public/prior-auth/exchanges/behavioral-health/IN-Exchange-BH-Prior-Auth-Req-2025.pdf
11:46:12 INFO  doc.found          UHC | Kansas: Optum Behavioral Health Exchange plans Advanced Notification/Prior Authorization effective January 1, 2025 -> https://www.uhcprovider.com/content/dam/provider/docs/public/prior-auth/exchanges/behavioral-health/KS-Exchange-BH-Prior-Auth-Req-2025.pdf
11:46:13 INFO  doc.found          UHC | Louisiana: Optum Behavioral Health Exchange plans Advanced Notification/Prior Authorization effective January 1, 2025 -> https://www.uhcprovider.com/content/dam/provider/docs/public/prior-auth/exchanges/behavioral-health/LA-Exchange-BH-Prior-Auth-Req-2025.pdf
11:46:14 INFO  doc.found          UHC | Maryland: Optum Behavioral Health Exchange plans Advanced Notification/Prior Authorization effective January 1, 2025 -> https://www.uhcprovider.com/content/dam/provider/docs/public/prior-auth/exchanges/behavioral-health/MD-Exchange-BH-Prior-Auth-Req-2025.pdf
11:46:15 INFO  doc.found          UHC | Michigan: Optum Behavioral Health Exchange plans Advanced Notification/Prior Authorization effective January 1, 2025 -> https://www.uhcprovider.com/content/dam/provider/docs/public/prior-auth/exchanges/behavioral-health/MI-Exchange-BH-Prior-Auth-Req-2025.pdf
11:46:17 INFO  doc.found          UHC | Missouri: Optum Behavioral Health Exchange plans Advanced Notification/Prior Authorization effective January 1, 2025 -> https://www.uhcprovider.com/content/dam/provider/docs/public/prior-auth/exchanges/behavioral-health/MO-Exchange-BH-Prior-Auth-Req-2025.pdf
11:46:18 INFO  doc.found          UHC | Mississippi: Optum Behavioral Health Exchange plans Advanced Notification/Prior Authorization effective January 1, 2025 -> https://www.uhcprovider.com/content/dam/provider/docs/public/prior-auth/exchanges/behavioral-health/MS-Exchange-BH-Prior-Auth-Req-2025.pdf
11:46:19 INFO  doc.found          UHC | Nebraska: Optum Behavioral Health Exchange plans Advanced Notification/Prior Authorization effective January 1, 2025 -> https://www.uhcprovider.com/content/dam/provider/docs/public/prior-auth/exchanges/behavioral-health/NE-Exchange-BH-Prior-Auth-Req-2025.pdf
11:46:20 INFO  doc.found          UHC | New Jersey: Optum Behavioral Health Exchange plans Advanced Notification/Prior Authorization effective January 1, 2025 -> https://www.uhcprovider.com/content/dam/provider/docs/public/prior-auth/exchanges/behavioral-health/NJ-Exchange-BH-Prior-Auth-Req-2025.pdf
11:46:21 INFO  doc.found          UHC | New Mexico: Optum Behavioral Health Exchange plans Advanced Notification/Prior Authorization effective January 1, 2025 -> https://www.uhcprovider.com/content/dam/provider/docs/public/prior-auth/exchanges/behavioral-health/NM-Exchange-BH-Prior-Auth-Req-2025.pdf
11:46:22 INFO  doc.found          UHC | North Carolina: Optum Behavioral Health Exchange plans Advanced Notification/Prior Authorization effective January 1, 2025 -> https://www.uhcprovider.com/content/dam/provider/docs/public/prior-auth/exchanges/behavioral-health/NC-Exchange-BH-Prior-Auth-Req-2025.pdf
11:46:22 INFO  doc.found          UHC | Ohio: Optum Behavioral Health Exchange plans Advanced Notification/Prior Authorization effective January 1, 2025 -> https://www.uhcprovider.com/content/dam/provider/docs/public/prior-auth/exchanges/behavioral-health/OH-Exchange-BH-Prior-Auth-Req-2025.pdf
11:46:24 INFO  doc.found          UHC | Oklahoma: Optum Behavioral Health Exchange plans Advanced Notification/Prior Authorization effective January 1, 2025 -> https://www.uhcprovider.com/content/dam/provider/docs/public/prior-auth/exchanges/behavioral-health/OK-Exchange-BH-Prior-Auth-Req-2025.pdf
11:46:25 INFO  doc.found          UHC | South Carolina: Optum Behavioral Health Exchange plans Advanced Notification/Prior Authorization effective January 1, 2025 -> https://www.uhcprovider.com/content/dam/provider/docs/public/prior-auth/exchanges/behavioral-health/SC-Exchange-BH-Prior-Auth-Req-2025.pdf
11:46:26 INFO  doc.found          UHC | Tennessee: Optum Behavioral Health Exchange plans Advanced Notification/Prior Authorization effective January 1, 2025 -> https://www.uhcprovider.com/content/dam/provider/docs/public/prior-auth/exchanges/behavioral-health/TN-Exchange-BH-Prior-Auth-Req-2025.pdf
11:46:27 INFO  doc.found          UHC | Texas: Optum Behavioral Health Exchange plans Advanced Notification/Prior Authorization effective January 1, 2025 -> https://www.uhcprovider.com/content/dam/provider/docs/public/prior-auth/exchanges/behavioral-health/TX-Exchange-BH-Prior-Auth-Req-2025.pdf
11:46:29 INFO  doc.found          UHC | Virgina: Optum Behavioral Health Exchange plans Advanced Notification/Prior Authorization effective January 1, 2025 -> https://www.uhcprovider.com/content/dam/provider/docs/public/prior-auth/exchanges/behavioral-health/VA-Exchange-BH-Prior-Auth-Req-2025.pdf
11:46:30 INFO  doc.found          UHC | Washington: Optum Behavioral Health Exchange plans Advanced Notification/Prior Authorization effective January 1, 2025 -> https://www.uhcprovider.com/content/dam/provider/docs/public/prior-auth/exchanges/behavioral-health/WA-Exchange-BH-Prior-Auth-Req-2025.pdf
11:46:30 INFO  doc.found          UHC | Wisconsin: Optum Behavioral Health Exchange plans Advanced Notification/Prior Authorization effective January 1, 2025 -> https://www.uhcprovider.com/content/dam/provider/docs/public/prior-auth/exchanges/behavioral-health/WI-Exchange-BH-Prior-Auth-Req-2025.pdf
11:46:31 INFO  doc.found          UHC | Wyoming: Optum Behavioral Health Exchange plans Advanced Notification/Prior Authorization effective January 1, 2025 -> https://www.uhcprovider.com/content/dam/provider/docs/public/prior-auth/exchanges/behavioral-health/WY-Exchange-BH-Prior-Auth-Req-2025.pdf
11:46:33 INFO  doc.found          UHC | Alabama: Optum Behavioral Health Exchange plans Advanced Notification/Prior Authorization effective January 1, 2024 -> https://www.uhcprovider.com/content/dam/provider/docs/public/prior-auth/exchanges/behavioral-health/AL-Exchange-BH-Prior-Auth-Req-2024.pdf
11:46:34 INFO  doc.found          UHC | Arizona: Optum Behavioral Health Exchange plans Advanced Notification/Prior Authorization effective January 1, 2024 -> https://www.uhcprovider.com/content/dam/provider/docs/public/prior-auth/exchanges/behavioral-health/AZ-Exchange-BH-Prior-Auth-Req-2024.pdf
11:46:35 INFO  doc.found          UHC | Colorado: Optum Behavioral Health Exchange plans Advanced Notification/Prior Authorization effective January 1, 2024 -> https://www.uhcprovider.com/content/dam/provider/docs/public/prior-auth/exchanges/behavioral-health/CO-Exchange-BH-Prior-Auth-Req-2024.pdf
11:46:36 INFO  doc.found          UHC | Colorado: Behavioral health prior authorization requirements for RMHP Individual Exchange plans - Effective Jan. 1, 2024 -> https://www.uhcprovider.com/content/dam/provider/docs/public/prior-auth/exchanges/behavioral-health/CO-RMHP-Exchange-BH-01-2024.pdf
11:46:37 INFO  doc.found          UHC | Florida: Optum Behavioral Health Exchange plans Advanced Notification/Prior Authorization effective January 1, 2024 -> https://www.uhcprovider.com/content/dam/provider/docs/public/prior-auth/exchanges/behavioral-health/FL-Exchange-BH-Prior-Auth-Req-2024.pdf
11:46:38 INFO  doc.found          UHC | Georgia: Optum Behavioral Health Exchange plans Advanced Notification/Prior Authorization effective January 1, 2024 -> https://www.uhcprovider.com/content/dam/provider/docs/public/prior-auth/exchanges/behavioral-health/GA-Exchange-BH-Prior-Auth-Req-2024.pdf
11:46:39 INFO  doc.found          UHC | Illinois : Optum Behavioral Health Exchange plans Advanced Notification/Prior Authorization effective January 1, 2024 -> https://www.uhcprovider.com/content/dam/provider/docs/public/prior-auth/exchanges/behavioral-health/IL-Exchange-BH-Prior-Auth-Req-2024.pdf
11:46:40 INFO  doc.found          UHC | Kansas: Optum Behavioral Health Exchange plans Advanced Notification/Prior Authorization effective January 1, 2024 -> https://www.uhcprovider.com/content/dam/provider/docs/public/prior-auth/exchanges/behavioral-health/KS-Exchange-BH-Prior-Auth-Req-2024.pdf
11:46:41 INFO  doc.found          UHC | Louisiana: Optum Behavioral Health Exchange plans Advanced Notification/Prior Authorization effective January 1, 2024 -> https://www.uhcprovider.com/content/dam/provider/docs/public/prior-auth/exchanges/behavioral-health/LA-Exchange-BH-Prior-Auth-Req-2024.pdf
11:46:42 INFO  doc.found          UHC | Maryland: Optum Behavioral Health Exchange plans Advanced Notification/Prior Authorization effective January 1, 2024 -> https://www.uhcprovider.com/content/dam/provider/docs/public/prior-auth/exchanges/behavioral-health/MD-Exchange-BH-Prior-Auth-Req-2024.pdf
11:46:43 INFO  doc.found          UHC | Michigan: Optum Behavioral Health Exchange plans Advanced Notification/Prior Authorization effective January 1, 2024 -> https://www.uhcprovider.com/content/dam/provider/docs/public/prior-auth/exchanges/behavioral-health/MI-Exchange-BH-Prior-Auth-Req-2024.pdf
11:46:44 INFO  doc.found          UHC | Missouri: Optum Behavioral Health Exchange plans Advanced Notification/Prior Authorization effective January 1, 2024 -> https://www.uhcprovider.com/content/dam/provider/docs/public/prior-auth/exchanges/behavioral-health/MO-Exchange-BH-Prior-Auth-Req-2024.pdf
11:46:46 INFO  doc.found          UHC | Mississippi: Optum Behavioral Health Exchange plans Advanced Notification/Prior Authorization effective January 1, 2024 -> https://www.uhcprovider.com/content/dam/provider/docs/public/prior-auth/exchanges/behavioral-health/MS-Exchange-BH-Prior-Auth-Req-2024.pdf
11:46:47 INFO  doc.found          UHC | North Carolina: Optum Behavioral Health Exchange plans Advanced Notification/Prior Authorization effective January 1, 2024 -> https://www.uhcprovider.com/content/dam/provider/docs/public/prior-auth/exchanges/behavioral-health/NC-Exchange-BH-Prior-Auth-Req-2024.pdf
11:46:47 INFO  doc.found          UHC | New Jersey: Optum Behavioral Health Exchange plans Advanced Notification/Prior Authorization effective January 1, 2024 -> https://www.uhcprovider.com/content/dam/provider/docs/public/prior-auth/exchanges/behavioral-health/NJ-Exchange-BH-Prior-Auth-Req-2024.pdf
11:46:49 INFO  doc.found          UHC | New Mexico: Optum Behavioral Health Exchange plans Advanced Notification/Prior Authorization effective January 1, 2024 -> https://www.uhcprovider.com/content/dam/provider/docs/public/prior-auth/exchanges/behavioral-health/NM-Exchange-BH-Prior-Auth-Req-2024.pdf
11:46:50 INFO  doc.found          UHC | Ohio: Optum Behavioral Health Exchange plans Advanced Notification/Prior Authorization effective January 1, 2024 -> https://www.uhcprovider.com/content/dam/provider/docs/public/prior-auth/exchanges/behavioral-health/OH-Exchange-BH-Prior-Auth-Req-2024.pdf
11:46:51 INFO  doc.found          UHC | Oklahoma: Optum Behavioral Health Exchange plans Advanced Notification/Prior Authorization effective January 1, 2024 -> https://www.uhcprovider.com/content/dam/provider/docs/public/prior-auth/exchanges/behavioral-health/OK-Exchange-BH-Prior-Auth-Req-2024.pdf
11:46:52 INFO  doc.found          UHC | South Carolina: Optum Behavioral Health Exchange plans Advanced Notification/Prior Authorization effective January 1, 2024 -> https://www.uhcprovider.com/content/dam/provider/docs/public/prior-auth/exchanges/behavioral-health/SC-Exchange-BH-Prior-Auth-Req-2024.pdf
11:46:53 INFO  doc.found          UHC | Tennessee: Optum Behavioral Health Exchange plans Advanced Notification/Prior Authorization effective January 1, 2024 -> https://www.uhcprovider.com/content/dam/provider/docs/public/prior-auth/exchanges/behavioral-health/TN-Exchange-BH-Prior-Auth-Req-2024.pdf
11:46:54 INFO  doc.found          UHC | Texas: Optum Behavioral Health Exchange plans Advanced Notification/Prior Authorization effective January 1, 2024 -> https://www.uhcprovider.com/content/dam/provider/docs/public/prior-auth/exchanges/behavioral-health/TX-Exchange-BH-Prior-Auth-Req-2024.pdf
11:46:57 INFO  doc.found          UHC | Washington: Optum Behavioral Health Exchange plans Advanced Notification/Prior Authorization effective January 1, 2024 -> https://www.uhcprovider.com/content/dam/provider/docs/public/prior-auth/exchanges/behavioral-health/WA-Exchange-BH-Prior-Auth-Req-2024.pdf
11:46:57 INFO  doc.found          UHC | Virginia: Optum Behavioral Health Exchange plans Advanced Notification/Prior Authorization effective January 1, 2024 -> https://www.uhcprovider.com/content/dam/provider/docs/public/prior-auth/exchanges/behavioral-health/VA-Exchange-BH-Prior-Auth-Req-2024.pdf
11:46:58 INFO  doc.found          UHC | Wisconsin: Optum Behavioral Health Exchange plans Advanced Notification/Prior Authorization effective January 1, 2024 -> https://www.uhcprovider.com/content/dam/provider/docs/public/prior-auth/exchanges/behavioral-health/WI-Exchange-BH-Prior-Auth-Req-2024.pdf
11:46:59 INFO  doc.found          UHC | Prior Authorization requirements for AHCCCS Complete Care (ACC) Medicaid effective Apr 1, 2026 - UnitedHealthcare Community Plan of Arizona -> https://www.uhcprovider.com/content/dam/provider/docs/public/commplan/az/prior-authorization/AZ-UHCCP-CC-Prior-Authorization-4-1-26.pdf
11:47:01 INFO  doc.found          UHC | Prior Authorization requirements for AHCCCS Complete Care (ACC) Medicaid effective Feb 1, 2026 - UnitedHealthcare Community Plan of Arizona -> https://www.uhcprovider.com/content/dam/provider/docs/public/commplan/az/prior-authorization/AZ-UHCCP-CC-Prior-Authorization-2-1-26.pdf
11:47:01 INFO  doc.found          UHC | Welcome to WebAssist Optum Provider Portal Guide - Discover How to Submit a PSF-750 Online -> https://www.uhcprovider.com/content/dam/provider/docs/public/prior-auth/pa-requirements/medicare/Med-Adv-WebAssist-Guide-Outpatient-Therapies.pdf
11:47:02 INFO  doc.found          UHC | Arizona Complete Care Prior Authorization Requirements Effective Jan. 1, 2026 - UnitedHealthcare Community Plan of Arizona -> https://www.uhcprovider.com/content/dam/provider/docs/public/commplan/az/prior-authorization/AZ-UHCCP-CC-Prior-Authorization-1-1-26.pdf
11:47:04 INFO  doc.found          UHC | Arizona Complete Care Prior Authorization Requirements Effective November 1, 2025 - UnitedHealthcare Community Plan of Arizona -> https://www.uhcprovider.com/content/dam/provider/docs/public/commplan/az/prior-authorization/AZ-UHCCP-CC-Prior-Authorization-11-1-25.pdf
11:47:05 INFO  doc.found          UHC | Arizona Complete Care Prior Authorization Requirements Effective August 1, 2025 - UnitedHealthcare Community Plan of Arizona -> https://www.uhcprovider.com/content/dam/provider/docs/public/commplan/az/prior-authorization/AZ-UHCCP-CC-Prior-Authorization-8-1-25.pdf
11:47:06 INFO  doc.found          UHC | Arizona Complete Care Prior Authorization Requirements Effective October 1, 2025 - UnitedHealthcare Community Plan of Arizona -> https://www.uhcprovider.com/content/dam/provider/docs/public/commplan/az/prior-authorization/AZ-UHCCP-CC-Prior-Authorization-10-1-25.pdf
11:47:08 INFO  doc.found          UHC | Arizona Complete Care Prior Authorization Requirements Effective July 1, 2025 - UnitedHealthcare Community Plan of Arizona -> https://www.uhcprovider.com/content/dam/provider/docs/public/commplan/az/prior-authorization/AZ-UHCCP-CC-Prior-Authorization-7-1-25.pdf
11:47:09 INFO  doc.found          UHC | Arizona Complete Care Prior Authorization Requirements Effective June 1, 2025 - UnitedHealthcare Community Plan of Arizona -> https://www.uhcprovider.com/content/dam/provider/docs/public/commplan/az/prior-authorization/AZ-UHCCP-CC-Prior-Authorization-6-1-25.pdf
11:47:10 INFO  doc.found          UHC | Arizona Complete Care Prior Authorization Requirements Effective April 1, 2025 - UnitedHealthcare Community Plan of Arizona -> https://www.uhcprovider.com/content/dam/provider/docs/public/commplan/az/prior-authorization/AZ-UHCCP-CC-Prior-Authorization-4-1-25.pdf
11:47:11 INFO  doc.found          UHC | Arizona Complete Care Prior Authorization Requirements Effective May 1, 2025 - UnitedHealthcare Community Plan of Arizona -> https://www.uhcprovider.com/content/dam/provider/docs/public/commplan/az/prior-authorization/AZ-UHCCP-CC-Prior-Authorization-5-1-25.pdf
11:47:11 INFO  doc.found          UHC | Arizona Complete Care Prior Authorization Requirements Effective March 1, 2025 - UnitedHealthcare Community Plan of Arizona -> https://www.uhcprovider.com/content/dam/provider/docs/public/commplan/az/prior-authorization/AZ-UHCCP-CC-Prior-Authorization-3-1-25.pdf
11:47:13 INFO  doc.found          UHC | Arizona Complete Care Prior Authorization Requirements Effective February 1, 2025 - UnitedHealthcare Community Plan of Arizona -> https://www.uhcprovider.com/content/dam/provider/docs/public/commplan/az/prior-authorization/AZ-UHCCP-CC-Prior-Authorization-2-1-25.pdf
11:47:14 INFO  doc.found          UHC | Arizona Complete Care Prior Authorization Requirements Effective August 1, 2024 - UnitedHealthcare Community Plan of Arizona -> https://www.uhcprovider.com/content/dam/provider/docs/public/commplan/az/prior-authorization/AZ-UHCCP-CC-Prior-Authorization-10-1-24.pdf
11:47:15 INFO  doc.found          UHC | Arizona Developmentally Disabled Members Prior Authorization Requirements Effective Apr. 1, 2026 - UnitedHealthcare Community Plan of Arizona -> https://www.uhcprovider.com/content/dam/provider/docs/public/commplan/az/prior-authorization/AZ-UHCCP-DD-Prior-Authorization-4-1-26.pdf
11:47:16 INFO  doc.found          UHC | Arizona Developmentally Disabled Members Prior Authorization Requirements Effective Feb. 1, 2026 - UnitedHealthcare Community Plan of Arizona -> https://www.uhcprovider.com/content/dam/provider/docs/public/commplan/az/prior-authorization/AZ-UHCCP-DD-Prior-Authorization-2-1-26.pdf
11:47:18 INFO  doc.found          UHC | Arizona Developmentally Disabled Members Prior Authorization Requirements Effective Jan. 1, 2026 - UnitedHealthcare Community Plan of Arizona -> https://www.uhcprovider.com/content/dam/provider/docs/public/commplan/az/prior-authorization/AZ-UHCCP-DD-Prior-Authorization-1-1-26.pdf
11:47:19 INFO  doc.found          UHC | Arizona Developmentally Disabled Members Prior Authorization Requirements Effective November 1, 2025 - UnitedHealthcare Community Plan of Arizona -> https://www.uhcprovider.com/content/dam/provider/docs/public/commplan/az/prior-authorization/AZ-UHCCP-DD-Prior-Authorization-11-1-25.pdf
11:47:19 INFO  doc.found          UHC | Arizona Developmentally Disabled Members Prior Authorization Requirements Effective October 1, 2025 - UnitedHealthcare Community Plan of Arizona -> https://www.uhcprovider.com/content/dam/provider/docs/public/commplan/az/prior-authorization/AZ-UHCCP-DD-Prior-Authorization-10-1-25.pdf
11:47:21 INFO  doc.found          UHC | Arizona Developmentally Disabled Members Prior Authorization Requirements Effective August 1, 2025 - UnitedHealthcare Community Plan of Arizona -> https://www.uhcprovider.com/content/dam/provider/docs/public/commplan/az/prior-authorization/AZ-UHCCP-DD-Prior-Authorization-8-1-25.pdf
11:47:23 INFO  doc.found          UHC | Arizona Developmentally Disabled Members Prior Authorization Requirements Effective July 1, 2025 - UnitedHealthcare Community Plan of Arizona -> https://www.uhcprovider.com/content/dam/provider/docs/public/commplan/az/prior-authorization/AZ-UHCCP-DD-Prior-Authorization-7-1-25.pdf
11:47:24 INFO  doc.found          UHC | Arizona Developmentally Disabled Members Prior Authorization Requirements Effective June 1, 2025 - UnitedHealthcare Community Plan of Arizona -> https://www.uhcprovider.com/content/dam/provider/docs/public/commplan/az/prior-authorization/AZ-UHCCP-DD-Prior-Authorization-6-1-25.pdf
11:47:25 INFO  doc.found          UHC | Arizona Developmentally Disabled Members Prior Authorization Requirements Effective May 1, 2025 - UnitedHealthcare Community Plan of Arizona -> https://www.uhcprovider.com/content/dam/provider/docs/public/commplan/az/prior-authorization/AZ-UHCCP-DD-Prior-Authorization-5-1-25.pdf
11:47:27 INFO  doc.found          UHC | Arizona Developmentally Disabled Members Prior Authorization Requirements Effective April 1, 2025 - UnitedHealthcare Community Plan of Arizona -> https://www.uhcprovider.com/content/dam/provider/docs/public/commplan/az/prior-authorization/AZ-UHCCP-DD-Prior-Authorization-4-1-25.pdf
11:47:27 INFO  doc.found          UHC | Arizona Developmentally Disabled Members Prior Authorization Requirements Effective March 1, 2025 - UnitedHealthcare Community Plan of Arizona -> https://www.uhcprovider.com/content/dam/provider/docs/public/commplan/az/prior-authorization/AZ-UHCCP-DD-Prior-Authorization-3-1-25.pdf
11:47:29 INFO  doc.found          UHC | Arizona Developmentally Disabled Members Prior Authorization Requirements Effective February 1, 2025 - UnitedHealthcare Community Plan of Arizona -> https://www.uhcprovider.com/content/dam/provider/docs/public/commplan/az/prior-authorization/AZ-UHCCP-DD-Prior-Authorization-2-1-25.pdf
11:47:30 INFO  doc.found          UHC | Arizona Developmentally Disabled Members Prior Authorization Requirements Effective August 1, 2024 - UnitedHealthcare Community Plan of Arizona -> https://www.uhcprovider.com/content/dam/provider/docs/public/commplan/az/prior-authorization/AZ-UHCCP-DD-Prior-Authorization-10-1-24.pdf
11:47:32 INFO  doc.found          UHC | Arizona Long Term Care Prior Authorization Requirements Effective Apr. 1, 2026 - UnitedHealthcare Community Plan of Arizona -> https://www.uhcprovider.com/content/dam/provider/docs/public/commplan/az/prior-authorization/AZ-UHCCP-LTC-Prior-Authorization-4-1-26.pdf
11:47:33 INFO  doc.found          UHC | Arizona Long Term Care Prior Authorization Requirements Effective Feb. 1, 2026 - UnitedHealthcare Community Plan of Arizona -> https://www.uhcprovider.com/content/dam/provider/docs/public/commplan/az/prior-authorization/AZ-UHCCP-LTC-Prior-Authorization-2-1-26.pdf
11:47:35 INFO  doc.found          UHC | Arizona Long Term Care Prior Authorization Requirements Effective Jan. 1, 2026 - UnitedHealthcare Community Plan of Arizona -> https://www.uhcprovider.com/content/dam/provider/docs/public/commplan/az/prior-authorization/AZ-UHCCP-LTC-Prior-Authorization-1-1-26.pdf
11:47:35 INFO  doc.found          UHC | Arizona Long Term Care Prior Authorization Requirements Effective November 1, 2025 - UnitedHealthcare Community Plan of Arizona -> https://www.uhcprovider.com/content/dam/provider/docs/public/commplan/az/prior-authorization/AZ-UHCCP-LTC-Prior-Authorization-11-1-25.pdf
11:47:36 INFO  doc.found          UHC | Arizona Long Term Care Prior Authorization Requirements Effective October 1, 2025 - UnitedHealthcare Community Plan of Arizona -> https://www.uhcprovider.com/content/dam/provider/docs/public/commplan/az/prior-authorization/AZ-UHCCP-LTC-Prior-Authorization-10-1-25.pdf
11:47:37 INFO  doc.found          UHC | Arizona Long Term Care Prior Authorization Requirements Effective August 1, 2025 - UnitedHealthcare Community Plan of Arizona -> https://www.uhcprovider.com/content/dam/provider/docs/public/commplan/az/prior-authorization/AZ-UHCCP-LTC-Prior-Authorization-8-1-25.pdf
11:47:40 INFO  doc.found          UHC | Arizona Long Term Care Prior Authorization Requirements Effective June 1, 2025 - UnitedHealthcare Community Plan of Arizona -> https://www.uhcprovider.com/content/dam/provider/docs/public/commplan/az/prior-authorization/AZ-UHCCP-LTC-Prior-Authorization-6-1-25.pdf
11:47:40 INFO  doc.found          UHC | Arizona Long Term Care Prior Authorization Requirements Effective July 1, 2025 - UnitedHealthcare Community Plan of Arizona -> https://www.uhcprovider.com/content/dam/provider/docs/public/commplan/az/prior-authorization/AZ-UHCCP-LTC-Prior-Authorization-7-1-25.pdf
11:47:42 INFO  doc.found          UHC | Arizona Long Term Care Prior Authorization Requirements Effective May 1, 2025 - UnitedHealthcare Community Plan of Arizona -> https://www.uhcprovider.com/content/dam/provider/docs/public/commplan/az/prior-authorization/AZ-UHCCP-LTC-Prior-Authorization-5-1-25.pdf
11:47:43 INFO  doc.found          UHC | Arizona Long Term Care Prior Authorization Requirements Effective April 1, 2025 - UnitedHealthcare Community Plan of Arizona -> https://www.uhcprovider.com/content/dam/provider/docs/public/commplan/az/prior-authorization/AZ-UHCCP-LTC-Prior-Authorization-4-1-25.pdf
11:47:45 INFO  doc.found          UHC | Arizona Long Term Care Prior Authorization Requirements Effective March 1, 2025 - UnitedHealthcare Community Plan of Arizona -> https://www.uhcprovider.com/content/dam/provider/docs/public/commplan/az/prior-authorization/AZ-UHCCP-LTC-Prior-Authorization-3-1-25.pdf
11:47:46 INFO  doc.found          UHC | Arizona Long Term Care Prior Authorization Requirements Effective February 1, 2025 - UnitedHealthcare Community Plan of Arizona -> https://www.uhcprovider.com/content/dam/provider/docs/public/commplan/az/prior-authorization/AZ-UHCCP-LTC-Prior-Authorization-2-1-25.pdf
11:47:47 INFO  doc.found          UHC | Arizona Long Term Care Prior Authorization Requirements Effective August 1, 2024 - UnitedHealthcare Community Plan of Arizona -> https://www.uhcprovider.com/content/dam/provider/docs/public/commplan/az/prior-authorization/AZ-UHCCP-LTC-Prior-Authorization-10-1-24.pdf
11:47:48 INFO  doc.found          UHC | UnitedHealthcare Colorado Rocky Mountain Children's Health Plan (CHP) - prior authorization - Effective July 1, 2026 -> https://www.uhcprovider.com/content/dam/provider/docs/public/commplan/co/prior-auth/CO-RHMP-CHP-Prior-Auth-7-1-2026.pdf
11:47:49 INFO  doc.found          UHC | Colorado Rocky Mountain Health Plan Prime - Prior Authorization - Effective Sept. 1, 2026 -> https://www.uhcprovider.com/content/dam/provider/docs/public/commplan/co/prior-auth/CO-RHMP-Prior-Auth-9-1-2026.pdf
11:47:50 INFO  doc.found          UHC | Behavioral Health prior authorization requirements for Rocky Mountain Health Plans CHP+ - Effective July 1, 2026 -> https://www.uhcprovider.com/content/dam/provider/docs/public/commplan/co/prior-auth/CO-RMHP-CHP-Plus-BH-Prior-Auth-07-01-2026.pdf
11:47:52 INFO  doc.found          UHC | UnitedHealthcare Colorado Rocky Mountain Children's Health Plan (CHP) - prior authorization - Effective May 1, 2026 -> https://www.uhcprovider.com/content/dam/provider/docs/public/commplan/co/prior-auth/CO-RHMP-CHP-Prior-Auth-5-1-2026.pdf
11:47:54 INFO  doc.found          UHC | UnitedHealthcare Colorado Rocky Mountain Children's Health Plan (CHP) - prior authorization - Effective Apr. 1, 2026 -> https://www.uhcprovider.com/content/dam/provider/docs/public/commplan/co/prior-auth/CO-RHMP-CHP-Prior-Auth-4-1-2026.pdf
11:47:54 INFO  doc.found          UHC | UnitedHealthcare Colorado Rocky Mountain Children's Health Plan (CHP) - prior authorization - Effective Mar. 1, 2026 -> https://www.uhcprovider.com/content/dam/provider/docs/public/commplan/co/prior-auth/CO-RHMP-CHP-Prior-Auth-3-1-2026.pdf
11:47:57 INFO  doc.found          UHC | UnitedHealthcare Colorado Rocky Mountain Children's Health Plan (CHP) - prior authorization - Effective Feb. 1, 2026 -> https://www.uhcprovider.com/content/dam/provider/docs/public/commplan/co/prior-auth/CO-RHMP-CHP-Prior-Auth-2-1-2026.pdf
11:47:58 INFO  doc.found          UHC | UnitedHealthcare Colorado Rocky Mountain Children's Health Plan (CHP) - prior authorization - Effective Jan 1, 2026 -> https://www.uhcprovider.com/content/dam/provider/docs/public/commplan/co/prior-auth/CO-RHMP-CHP-Prior-Auth-1-1-2026.pdf
11:47:59 INFO  doc.found          UHC | UnitedHealthcare Colorado Rocky Mountain Children's Health Plan (CHP) - prior authorization - Effective Nov 1, 2025 -> https://www.uhcprovider.com/content/dam/provider/docs/public/commplan/co/prior-auth/CO-RHMP-CHP-Prior-Auth-11-1-2025.pdf
11:47:59 INFO  doc.found          UHC | UnitedHealthcare Colorado Rocky Mountain Children's Health Plan (CHP) - prior authorization - Effective Oct 1, 2025 -> https://www.uhcprovider.com/content/dam/provider/docs/public/commplan/co/prior-auth/CO-RHMP-CHP-Prior-Auth-10-1-2025.pdf
11:48:00 INFO  doc.found          UHC | UnitedHealthcare Colorado Rocky Mountain Children's Health Plan (CHP) - prior authorization - Effective Aug 1, 2025 -> https://www.uhcprovider.com/content/dam/provider/docs/public/commplan/co/prior-auth/CO-RHMP-CHP-Prior-Auth-8-1-2025.pdf
11:48:02 INFO  doc.found          UHC | UnitedHealthcare Colorado Rocky Mountain Children's Health Plan (CHP) - prior authorization - Effective July 1, 2025 -> https://www.uhcprovider.com/content/dam/provider/docs/public/commplan/co/prior-auth/CO-RHMP-CHP-Prior-Auth-7-1-2025.pdf
11:48:04 INFO  doc.found          UHC | UnitedHealthcare Colorado Rocky Mountain Children's Health Plan (CHP) - prior authorization - Effective June 1, 2025 -> https://www.uhcprovider.com/content/dam/provider/docs/public/commplan/co/prior-auth/CO-RHMP-CHP-Prior-Auth-6-1-2025.pdf
11:48:06 INFO  doc.found          UHC | UnitedHealthcare Colorado Rocky Mountain Children's Health Plan (CHP) - prior authorization - Effective Apr 1, 2025 -> https://www.uhcprovider.com/content/dam/provider/docs/public/commplan/co/prior-auth/CO-RHMP-CHP-Prior-Auth-4-1-2025.pdf
11:48:07 INFO  doc.found          UHC | UnitedHealthcare Colorado Rocky Mountain Children's Health Plan (CHP) - prior authorization - Effective May 1, 2025 -> https://www.uhcprovider.com/content/dam/provider/docs/public/commplan/co/prior-auth/CO-RHMP-CHP-Prior-Auth-5-1-2025.pdf
11:48:08 INFO  doc.found          UHC | UnitedHealthcare Colorado Rocky Mountain Children's Health Plan (CHP) - prior authorization - Effective Mar 1, 2025 -> https://www.uhcprovider.com/content/dam/provider/docs/public/commplan/co/prior-auth/CO-RHMP-CHP-Prior-Auth-3-1-2025.pdf
11:48:08 INFO  doc.found          UHC | UnitedHealthcare Colorado Rocky Mountain Children's Health Plan (CHP) - prior authorization - Effective Feb 1, 2025 -> https://www.uhcprovider.com/content/dam/provider/docs/public/commplan/co/prior-auth/CO-RHMP-CHP-Prior-Auth-2-1-2025.pdf
11:48:10 INFO  doc.found          UHC | Behavioral Health prior authorization requirements for Rocky Mountain Health Plans CHP+ - Effective Dec. 1, 2024 -> https://www.uhcprovider.com/content/dam/provider/docs/public/commplan/co/prior-auth/CO-RMHP-CHP-Plus-BH-Prior-Auth-12-01-2024.pdf
11:48:10 INFO  doc.found          UHC | UnitedHealthcare Colorado Rocky Mountain Children's Health Plan (CHP) - prior authorization - Effective Jan 1, 2025 -> https://www.uhcprovider.com/content/dam/provider/docs/public/commplan/co/prior-auth/CO-RHMP-CHP-Prior-Auth-1-1-2025.pdf
11:48:12 INFO  doc.found          UHC | UnitedHealthcare Colorado Rocky Mountain Children's Health Plan (CHP) - Prior Authorization - Effective October 1, 2024 -> https://www.uhcprovider.com/content/dam/provider/docs/public/commplan/co/prior-auth/CO-RHMP-CHP-Prior-Auth-10-1-2024.pdf
11:48:14 INFO  doc.found          UHC | Colorado Rocky Mountain Health Plan Prime RAE - Prior Authorization - Effective July 1, 2026 -> https://www.uhcprovider.com/content/dam/provider/docs/public/commplan/co/prior-auth/CO-RHMP-RAE-Prior-Auth-7-1-2026.pdf
11:48:15 INFO  doc.found          UHC | Colorado Rocky Mountain Health Plan Prime RAE - Prior Authorization - Effective May 1, 2026 -> https://www.uhcprovider.com/content/dam/provider/docs/public/commplan/co/prior-auth/CO-RHMP-RAE-Prior-Auth-5-1-2026.pdf
11:48:15 INFO  doc.found          UHC | Colorado Rocky Mountain Health Plan Prime RAE - Prior Authorization - Effective April 1, 2026 -> https://www.uhcprovider.com/content/dam/provider/docs/public/commplan/co/prior-auth/CO-RHMP-RAE-Prior-Auth-4-1-2026.pdf
11:48:17 INFO  doc.found          UHC | Colorado Rocky Mountain Health Plan Prime RAE - Prior Authorization - Effective March 1, 2026 -> https://www.uhcprovider.com/content/dam/provider/docs/public/commplan/co/prior-auth/CO-RHMP-RAE-Prior-Auth-3-1-2026.pdf
11:48:19 INFO  doc.found          UHC | Colorado Rocky Mountain Health Plan Prime RAE - Prior Authorization - Effective Feb 1, 2026 -> https://www.uhcprovider.com/content/dam/provider/docs/public/commplan/co/prior-auth/CO-RHMP-RAE-Prior-Auth-2-1-2026.pdf
11:48:20 INFO  doc.found          UHC | Colorado Rocky Mountain Health Plan Prime RAE - Prior Authorization - Effective Jan 1, 2026 -> https://www.uhcprovider.com/content/dam/provider/docs/public/commplan/co/prior-auth/CO-RHMP-RAE-Prior-Auth-1-1-2026.pdf
11:48:21 INFO  doc.found          UHC | Colorado Rocky Mountain Health Plan Prime RAE - Prior Authorization - Effective Nov 1, 2025 -> https://www.uhcprovider.com/content/dam/provider/docs/public/commplan/co/prior-auth/CO-RHMP-RAE-Prior-Auth-11-1-2025.pdf
11:48:21 INFO  doc.found          UHC | Colorado Rocky Mountain Health Plan Prime RAE - Prior Authorization - Effective Oct 1, 2025 -> https://www.uhcprovider.com/content/dam/provider/docs/public/commplan/co/prior-auth/CO-RHMP-RAE-Prior-Auth-10-1-2025.pdf
11:48:24 INFO  doc.found          UHC | Colorado Rocky Mountain Health Plan Prime RAE - Prior Authorization - Effective Aug 1, 2025 -> https://www.uhcprovider.com/content/dam/provider/docs/public/commplan/co/prior-auth/CO-RHMP-RAE-Prior-Auth-8-1-2025.pdf
11:48:24 INFO  doc.found          UHC | Colorado Rocky Mountain Health Plan Prime RAE - Prior Authorization - Effective July 1, 2025 -> https://www.uhcprovider.com/content/dam/provider/docs/public/commplan/co/prior-auth/CO-RHMP-RAE-Prior-Auth-7-1-2025.pdf
11:48:26 INFO  doc.found          UHC | Colorado Rocky Mountain Health Plan Prime RAE - Prior Authorization - Effective June 1, 2025 -> https://www.uhcprovider.com/content/dam/provider/docs/public/commplan/co/prior-auth/CO-RHMP-RAE-Prior-Auth-6-1-2025.pdf
11:48:26 INFO  doc.found          UHC | Colorado Rocky Mountain Health Plan Prime RAE - Prior Authorization - Effective May 1, 2025 -> https://www.uhcprovider.com/content/dam/provider/docs/public/commplan/co/prior-auth/CO-RHMP-RAE-Prior-Auth-5-1-2025.pdf
11:48:27 INFO  doc.found          UHC | Colorado Rocky Mountain Health Plan Prime RAE - Prior Authorization - Effective Apr. 1, 2025 -> https://www.uhcprovider.com/content/dam/provider/docs/public/commplan/co/prior-auth/CO-RHMP-RAE-Prior-Auth-4-1-2025.pdf
11:48:27 INFO  doc.found          UHC | Colorado Rocky Mountain Health Plan Prime RAE - Prior Authorization - Effective Mar. 1, 2025 -> https://www.uhcprovider.com/content/dam/provider/docs/public/commplan/co/prior-auth/CO-RHMP-RAE-Prior-Auth-3-1-2025.pdf
11:48:29 INFO  doc.found          UHC | Colorado Rocky Mountain Health Plan Prime RAE - Prior Authorization - Effective Feb. 1, 2025 -> https://www.uhcprovider.com/content/dam/provider/docs/public/commplan/co/prior-auth/CO-RHMP-RAE-Prior-Auth-2-1-2025.pdf
11:48:31 INFO  doc.found          UHC | Colorado Rocky Mountain Health Plan Prime RAE - Prior Authorization - Effective Jan. 1, 2025 -> https://www.uhcprovider.com/content/dam/provider/docs/public/commplan/co/prior-auth/CO-RHMP-RAE-Prior-Auth-1-1-2025.pdf
11:48:32 INFO  doc.found          UHC | Behavioral health prior authorization requirements for Rocky Mountain Health plans RAE/PRIME effective July 1, 2025 -> https://www.uhcprovider.com/content/dam/provider/docs/public/commplan/co/prior-auth/CO-RMHP-RAE-Prime-BH-Prior-Auth-07-1-2025.pdf
11:48:33 INFO  doc.found          UHC | Colorado Rocky Mountain Health Plan Prime RAE - Prior Authorization - Effective Oct. 1, 2024 -> https://www.uhcprovider.com/content/dam/provider/docs/public/commplan/co/prior-auth/CO-RHMP-RAE-Prior-Auth-10-1-2024.pdf
11:48:34 INFO  doc.found          UHC | Behavioral health prior authorization requirements for Rocky Mountain Health plans RAE/PRIME effective Jan. 1, 2024 -> https://www.uhcprovider.com/content/dam/provider/docs/public/commplan/co/prior-auth/CO-RMHP-RAE-Prime-BH-Prior-Auth-01-1-2024v2.pdf
11:48:35 INFO  doc.found          UHC | Rocky Mountain Health Plan Dual-Special Needs Plan - DSNP plan (Behavioral Health) - Effective July 01, 2025 -> https://www.uhcprovider.com/content/dam/provider/docs/public/commplan/co/prior-auth/CO-RMHP-DSNP-Behavioral-Health-Prior-Auth-07-01-2025.pdf
11:48:36 INFO  doc.found          UHC | Rocky Mountain Health Plan Dual-Special Needs Plan - DSNP plan (Behavioral Health) - Effective Nov. 21, 2024 -> https://www.uhcprovider.com/content/dam/provider/docs/public/commplan/co/prior-auth/CO-RMHP-DSNP-Behavioral-Health-Prior-Auth-11-21-2024.pdf
11:48:37 INFO  doc.found          UHC | Behavioral health prior authorization requirements for Northeast Health Partners RAE 2 Medicaid- UnitedHealthcare Community Plan of Colorado -> https://www.uhcprovider.com/content/dam/provider/docs/public/commplan/co/prior-auth/CO-BH-NHP-RAE-EPAL-07-2025.pdf
11:48:39 INFO  doc.found          UHC | Behavioral Health prior authorization requirements for Rocky Mountain Health Plans CHP+ - Effective April 1, 2026 -> https://www.uhcprovider.com/content/dam/provider/docs/public/commplan/co/prior-auth/CO-RMHP-CHP-Plus-BH-Prior-Auth-04-01-2026.pdf
11:48:39 INFO  doc.found          UHC | Behavioral Health prior authorization requirements for Rocky Mountain Health Plans CHP+ - Effective July 1, 2025 -> https://www.uhcprovider.com/content/dam/provider/docs/public/commplan/co/prior-auth/CO-RMHP-CHP-Plus-BH-Prior-Auth-07-01-2025.pdf
11:48:41 INFO  doc.found          UHC | Colorado UnitedHealthcare Rocky Mountain Medicare Advantage Dual-Special Needs Plans Prior Authorization - Effective February 1, 2025 -> https://www.uhcprovider.com/content/dam/provider/docs/public/commplan/co/prior-auth/CO-RMHP-Med-Adv-DSNP-Prior-Auth-2-1-2025.pdf
11:48:42 INFO  doc.found          UHC | Colorado UnitedHealthcare Rocky Mountain Medicare Advantage Dual-Special Needs Plans Prior Authorization - Effective November 1, 2024 -> https://www.uhcprovider.com/content/dam/provider/docs/public/commplan/co/prior-auth/CO-RMHP-Med-Adv-DSNP-Prior-Auth-11-1-2024.pdf
11:48:43 INFO  doc.found          UHC | Colorado UnitedHealthcare Rocky Mountain Medicare Advantage Dual-Special Needs Plans Prior Authorization - Effective October 1, 2024 -> https://www.uhcprovider.com/content/dam/provider/docs/public/commplan/co/prior-auth/CO-RMHP-Med-Adv-DSNP-Prior-Auth-10-1-2024.pdf
11:48:43 INFO  doc.found          UHC | Prior Authorization Requirements for District of Columbia LTSS - Effective October 1, 2025 -> https://www.uhcprovider.com/content/dam/provider/docs/public/commplan/dc/DC-LTSS-Effective-10-1-2025.pdf
11:48:46 INFO  doc.found          UHC | UnitedHealthcare Community Plan Prior Authorization Requirements Florida - Effective June 1, 2026 -> https://www.uhcprovider.com/content/dam/provider/docs/public/commplan/fl/prior-auth/FL-UHCCP-Prior-Authorization-Effective-6-1-2026.pdf
11:48:47 INFO  doc.found          UHC | UnitedHealthcare Community Plan Prior Authorization Requirements Florida - Effective Apr. 1, 2026 -> https://www.uhcprovider.com/content/dam/provider/docs/public/commplan/fl/prior-auth/FL-UHCCP-Prior-Authorization-Effective-4-1-2026.pdf
11:48:48 INFO  doc.found          UHC | UnitedHealthcare Community Plan Prior Authorization Requirements Florida - Effective Mar. 1, 2026 -> https://www.uhcprovider.com/content/dam/provider/docs/public/commplan/fl/prior-auth/FL-UHCCP-Prior-Authorization-Effective-3-1-2026.pdf
11:48:49 INFO  doc.found          UHC | UnitedHealthcare Community Plan Prior Authorization Requirements Florida - Effective Feb. 1, 2026 -> https://www.uhcprovider.com/content/dam/provider/docs/public/commplan/fl/prior-auth/FL-UHCCP-Prior-Authorization-Effective-2-1-2026.pdf
11:48:51 INFO  doc.found          UHC | UnitedHealthcare Community Plan Prior Authorization Requirements Florida - Effective Jan. 1, 2026 -> https://www.uhcprovider.com/content/dam/provider/docs/public/commplan/fl/prior-auth/FL-UHCCP-Prior-Authorization-Effective-1-1-2026.pdf
11:48:52 INFO  doc.found          UHC | UnitedHealthcare Community Plan Prior Authorization Requirements Florida - Effective November 1, 2025 -> https://www.uhcprovider.com/content/dam/provider/docs/public/commplan/fl/prior-auth/FL-UHCCP-Prior-Authorization-Effective-11-1-2025.pdf
11:48:53 INFO  doc.found          UHC | UnitedHealthcare Community Plan Prior Authorization Requirements Florida - Effective October 1, 2025 -> https://www.uhcprovider.com/content/dam/provider/docs/public/commplan/fl/prior-auth/FL-UHCCP-Prior-Authorization-Effective-10-1-2025.pdf
11:48:54 INFO  doc.found          UHC | UnitedHealthcare Community Plan Prior Authorization Requirements Florida - Effective August 1, 2025 -> https://www.uhcprovider.com/content/dam/provider/docs/public/commplan/fl/prior-auth/FL-UHCCP-Prior-Authorization-Effective-8-1-2025.pdf
11:48:54 INFO  doc.found          UHC | UnitedHealthcare Community Plan Prior Authorization Requirements Florida - Effective July 1, 2025 -> https://www.uhcprovider.com/content/dam/provider/docs/public/commplan/fl/prior-auth/FL-UHCCP-Prior-Authorization-Effective-7-1-2025.pdf
11:48:56 INFO  doc.found          UHC | UnitedHealthcare Community Plan Prior Authorization Requirements Florida - Effective June 1, 2025 -> https://www.uhcprovider.com/content/dam/provider/docs/public/commplan/fl/prior-auth/FL-UHCCP-Prior-Authorization-Effective-6-1-2025.pdf
11:48:57 INFO  doc.found          UHC | UnitedHealthcare Community Plan Prior Authorization Requirements Florida - Effective May 1, 2025 -> https://www.uhcprovider.com/content/dam/provider/docs/public/commplan/fl/prior-auth/FL-UHCCP-Prior-Authorization-Effective-5-1-2025.pdf
11:48:59 INFO  doc.found          UHC | UnitedHealthcare Community Plan Prior Authorization Requirements Florida - Effective April 1, 2025 -> https://www.uhcprovider.com/content/dam/provider/docs/public/commplan/fl/prior-auth/FL-UHCCP-Prior-Authorization-Effective-4-1-2025.pdf
11:49:01 INFO  doc.found          UHC | UnitedHealthcare Community Plan Prior Authorization Requirements Florida - Effective March 1, 2025 -> https://www.uhcprovider.com/content/dam/provider/docs/public/commplan/fl/prior-auth/FL-UHCCP-Prior-Authorization-Effective-3-1-2025.pdf
11:49:02 INFO  doc.found          UHC | UnitedHealthcare Community Plan Prior Authorization Requirements Florida - Effective February 1, 2025 -> https://www.uhcprovider.com/content/dam/provider/docs/public/commplan/fl/prior-auth/FL-UHCCP-Prior-Authorization-Effective-2-1-2025.pdf
11:49:03 INFO  doc.found          UHC | UnitedHealthcare Community Plan Prior Authorization Requirements Florida - Effective October 1, 2024 -> https://www.uhcprovider.com/content/dam/provider/docs/public/commplan/fl/prior-auth/FL-UHCCP-Prior-Authorization-Effective-10-1-2024.pdf
11:49:04 INFO  doc.found          UHC | Prior Authorization Requirements for Hawaii Medicaid - Effective June 1, 2026 -> https://www.uhcprovider.com/content/dam/provider/docs/public/commplan/hi/prior-authorization/HI-UHCCP-Prior-Authorization-Effective-6-1-2026.pdf
11:49:04 INFO  doc.found          UHC | Prior Authorization Requirements for Hawaii Medicaid - Effective April 1, 2026 -> https://www.uhcprovider.com/content/dam/provider/docs/public/commplan/hi/prior-authorization/HI-UHCCP-Prior-Authorization-Effective-4-1-2026.pdf
11:49:06 INFO  doc.found          UHC | Prior Authorization Requirements for Hawaii Medicaid - Effective February 1, 2026 -> https://www.uhcprovider.com/content/dam/provider/docs/public/commplan/hi/prior-authorization/HI-UHCCP-Prior-Authorization-Effective-2-1-2026.pdf
11:49:08 INFO  doc.found          UHC | Prior Authorization Requirements for Hawaii Medicaid - Effective January 1, 2026 -> https://www.uhcprovider.com/content/dam/provider/docs/public/commplan/hi/prior-authorization/HI-UHCCP-Prior-Authorization-Effective-1-1-2026.pdf
11:49:08 INFO  doc.found          UHC | Prior Authorization Requirements for Hawaii Medicaid - Effective November 1, 2025 -> https://www.uhcprovider.com/content/dam/provider/docs/public/commplan/hi/prior-authorization/HI-UHCCP-Prior-Authorization-Effective-11-1-2025.pdf
11:49:10 INFO  doc.found          UHC | Prior Authorization Requirements for Hawaii Medicaid - Effective October 1, 2025 -> https://www.uhcprovider.com/content/dam/provider/docs/public/commplan/hi/prior-authorization/HI-UHCCP-Prior-Authorization-Effective-10-1-2025.pdf
11:49:11 INFO  doc.found          UHC | Prior Authorization Requirements for Hawaii Medicaid - Effective July 1, 2025 -> https://www.uhcprovider.com/content/dam/provider/docs/public/commplan/hi/prior-authorization/HI-UHCCP-Prior-Authorization-Effective-7-1-2025.pdf
11:49:11 INFO  doc.found          UHC | Prior Authorization Requirements for Hawaii Medicaid - Effective June 1, 2025 -> https://www.uhcprovider.com/content/dam/provider/docs/public/commplan/hi/prior-authorization/HI-UHCCP-Prior-Authorization-Effective-6-1-2025.pdf
11:49:13 INFO  doc.found          UHC | Prior Authorization Requirements for Hawaii Medicaid - Effective February 1, 2025 -> https://www.uhcprovider.com/content/dam/provider/docs/public/commplan/hi/prior-authorization/HI-UHCCP-Prior-Authorization-Effective-2-1-2025.pdf
11:49:14 INFO  doc.found          UHC | Prior Authorization Requirements for Hawaii Medicaid - Effective May 1, 2025 -> https://www.uhcprovider.com/content/dam/provider/docs/public/commplan/hi/prior-authorization/HI-UHCCP-Prior-Authorization-Effective-5-1-2025.pdf
11:49:15 INFO  doc.found          UHC | Prior Authorization Requirements for Hawaii Medicaid - Effective January 1, 2025 -> https://www.uhcprovider.com/content/dam/provider/docs/public/commplan/hi/prior-authorization/HI-UHCCP-Prior-Authorization-Effective-1-1-2025.pdf
11:49:16 INFO  doc.found          UHC | Prior Authorization Requirements for Hawaii Medicaid - Effective October 1, 2024 -> https://www.uhcprovider.com/content/dam/provider/docs/public/commplan/hi/prior-authorization/HI-UHCCP-Prior-Authorization-Effective-10-1-2024.pdf
11:49:16 INFO  doc.found          UHC | Prior authorization requirement for home health services - UnitedHealthcare Community Plan of Indiana -> https://www.uhcprovider.com/content/dam/provider/docs/public/commplan/in/priorauth/IN-PA-Requirement-Home-Health.pdf
11:49:19 INFO  doc.found          UHC | Prior authorization requirements for Indiana Hoosier Care Connect Effective July 1, 2026 - UnitedHealthcare Community Plan of Indiana -> https://www.uhcprovider.com/content/dam/provider/docs/public/commplan/in/priorauth/IN-Hoosier-Connect-Effective-7-1-2026.pdf
11:49:19 INFO  doc.found          UHC | Prior authorization requirements for Indiana Pathways effective July 1, 2026 -> https://www.uhcprovider.com/content/dam/provider/docs/public/commplan/in/priorauth/IN-Pathways-7-1-26.pdf
11:49:21 INFO  doc.found          UHC | Prior authorization requirements for Indiana Hoosier Care Connect Effective June 1, 2026 - UnitedHealthcare Community Plan of Indiana -> https://www.uhcprovider.com/content/dam/provider/docs/public/commplan/in/priorauth/IN-Hoosier-Connect-Effective-6-1-2026.pdf
11:49:22 INFO  doc.found          UHC | Prior authorization requirements for Indiana Hoosier Care Connect Effective May 1, 2026 - UnitedHealthcare Community Plan of Indiana -> https://www.uhcprovider.com/content/dam/provider/docs/public/commplan/in/priorauth/IN-Hoosier-Connect-Effective-5-1-2026.pdf
11:49:22 INFO  doc.found          UHC | Prior authorization requirements for Indiana Hoosier Care Connect Effective Apr. 1, 2026 - UnitedHealthcare Community Plan of Indiana -> https://www.uhcprovider.com/content/dam/provider/docs/public/commplan/in/priorauth/IN-Hoosier-Connect-Effective-4-1-2026.pdf
11:49:24 INFO  doc.found          UHC | Prior authorization requirements for Indiana Hoosier Care Connect Effective Mar. 1, 2026 - UnitedHealthcare Community Plan of Indiana -> https://www.uhcprovider.com/content/dam/provider/docs/public/commplan/in/priorauth/IN-Hoosier-Connect-Effective-3-1-2026.pdf
11:49:25 INFO  doc.found          UHC | Prior authorization requirements for Indiana Hoosier Care Connect Effective Feb. 1, 2026 - UnitedHealthcare Community Plan of Indiana -> https://www.uhcprovider.com/content/dam/provider/docs/public/commplan/in/priorauth/IN-Hoosier-Connect-Effective-2-1-2026.pdf
11:49:26 INFO  doc.found          UHC | Prior authorization requirements for Indiana Hoosier Care Connect Effective Jan. 1, 2026 - UnitedHealthcare Community Plan of Indiana -> https://www.uhcprovider.com/content/dam/provider/docs/public/commplan/in/priorauth/IN-Hoosier-Connect-Effective-1-1-2026.pdf
11:49:28 INFO  doc.found          UHC | Prior authorization requirements for Indiana Hoosier Care Connect Effective Dec. 1, 2025 - UnitedHealthcare Community Plan of Indiana -> https://www.uhcprovider.com/content/dam/provider/docs/public/commplan/in/priorauth/IN-Hoosier-Connect-Effective-12-1-2025.pdf
11:49:29 INFO  doc.found          UHC | Prior authorization requirements for Indiana Hoosier Care Connect Effective Oct. 1, 2025 - UnitedHealthcare Community Plan of Indiana -> https://www.uhcprovider.com/content/dam/provider/docs/public/commplan/in/priorauth/IN-Hoosier-Connect-Effective-10-1-2025.pdf
11:49:30 INFO  doc.found          UHC | Prior authorization requirements for Indiana Hoosier Care Connect Effective Sept. 1, 2025 - UnitedHealthcare Community Plan of Indiana -> https://www.uhcprovider.com/content/dam/provider/docs/public/commplan/in/priorauth/IN-Hoosier-Connect-Effective-9-1-2025.pdf
11:49:31 INFO  doc.found          UHC | Prior authorization requirements for Indiana Hoosier Care Connect Effective Aug. 1, 2025 - UnitedHealthcare Community Plan of Indiana -> https://www.uhcprovider.com/content/dam/provider/docs/public/commplan/in/priorauth/IN-Hoosier-Connect-Effective-8-1-2025.pdf
11:49:33 INFO  doc.found          UHC | Prior authorization requirements for Indiana Hoosier Care Connect Effective July 1, 2025 - UnitedHealthcare Community Plan of Indiana -> https://www.uhcprovider.com/content/dam/provider/docs/public/commplan/in/priorauth/IN-Hoosier-Connect-Effective-7-1-2025.pdf
11:49:34 INFO  doc.found          UHC | Prior authorization requirements for Indiana Hoosier Care Connect Effective June 1, 2025 - UnitedHealthcare Community Plan of Indiana -> https://www.uhcprovider.com/content/dam/provider/docs/public/commplan/in/priorauth/IN-Hoosier-Connect-Effective-6-1-2025.pdf
11:49:35 INFO  doc.found          UHC | Prior authorization requirements for Indiana Hoosier Care Connect Effective May 1, 2025 - UnitedHealthcare Community Plan of Indiana -> https://www.uhcprovider.com/content/dam/provider/docs/public/commplan/in/priorauth/IN-Hoosier-Connect-Effective-5-1-2025.pdf
11:49:36 INFO  doc.found          UHC | Prior authorization requirements for Indiana Hoosier Care Connect Effective Apr. 1, 2025 - UnitedHealthcare Community Plan of Indiana -> https://www.uhcprovider.com/content/dam/provider/docs/public/commplan/in/priorauth/IN-Hoosier-Connect-Effective-4-1-2025.pdf
11:49:38 INFO  doc.found          UHC | Prior authorization requirements for Indiana Hoosier Care Connect Effective Feb. 1, 2025 - UnitedHealthcare Community Plan of Indiana -> https://www.uhcprovider.com/content/dam/provider/docs/public/commplan/in/priorauth/IN-Hoosier-Connect-Effective-2-1-2025.pdf
11:49:39 INFO  doc.found          UHC | Prior authorization requirements for Indiana Hoosier Care Connect Effective Jan. 1, 2025 - UnitedHealthcare Community Plan of Indiana -> https://www.uhcprovider.com/content/dam/provider/docs/public/commplan/in/priorauth/IN-Hoosier-Connect-Effective-1-1-2025.pdf
11:49:40 INFO  doc.found          UHC | Prior authorization requirements for Indiana Hoosier Care Connect Effective Nov. 1, 2024 - UnitedHealthcare Community Plan of Indiana -> https://www.uhcprovider.com/content/dam/provider/docs/public/commplan/in/priorauth/IN-Hoosier-Connect-Effective-11-1-2024.pdf
11:49:40 INFO  doc.found          UHC | Prior authorization requirements for Indiana Hoosier Care Connect Effective Oct. 1, 2024 - UnitedHealthcare Community Plan of Indiana -> https://www.uhcprovider.com/content/dam/provider/docs/public/commplan/in/priorauth/IN-Hoosier-Connect-Effective-10-1-2024.pdf
11:49:42 INFO  doc.found          UHC | Prior authorization requirements for Indiana Pathways effective June 1, 2026 -> https://www.uhcprovider.com/content/dam/provider/docs/public/commplan/in/priorauth/IN-Pathways-6-1-26.pdf
11:49:43 INFO  doc.found          UHC | Prior authorization requirements for Indiana Pathways effective May 1, 2026 -> https://www.uhcprovider.com/content/dam/provider/docs/public/commplan/in/priorauth/IN-Pathways-5-1-26.pdf
11:49:44 INFO  doc.found          UHC | Prior authorization requirements for Indiana Pathways effective Apr. 1, 2026 -> https://www.uhcprovider.com/content/dam/provider/docs/public/commplan/in/priorauth/IN-Pathways-4-1-26.pdf
11:49:45 INFO  doc.found          UHC | Prior authorization requirements for Indiana Pathways effective Mar. 1, 2026 -> https://www.uhcprovider.com/content/dam/provider/docs/public/commplan/in/priorauth/IN-Pathways-3-1-26.pdf
11:49:47 INFO  doc.found          UHC | Prior authorization requirements for Indiana Pathways effective Feb. 1, 2026 -> https://www.uhcprovider.com/content/dam/provider/docs/public/commplan/in/priorauth/IN-Pathways-2-1-26.pdf
11:49:48 INFO  doc.found          UHC | Prior authorization requirements for Indiana Pathways effective Jan. 1, 2026 -> https://www.uhcprovider.com/content/dam/provider/docs/public/commplan/in/priorauth/IN-Pathways-1-1-26.pdf
11:49:49 INFO  doc.found          UHC | Prior authorization requirements for Indiana Pathways effective Nov. 1, 2025 -> https://www.uhcprovider.com/content/dam/provider/docs/public/commplan/in/priorauth/IN-Pathways-11-1-25.pdf
11:49:50 INFO  doc.found          UHC | Prior authorization requirements for Indiana Pathways effective Sept. 1, 2025 -> https://www.uhcprovider.com/content/dam/provider/docs/public/commplan/in/priorauth/IN-Pathways-9-1-25.pdf
11:49:51 INFO  doc.found          UHC | Prior authorization requirements for Indiana Pathways effective Oct. 1, 2025 -> https://www.uhcprovider.com/content/dam/provider/docs/public/commplan/in/priorauth/IN-Pathways-10-1-25.pdf
11:49:53 INFO  doc.found          UHC | Prior authorization requirements for Indiana Pathways effective Aug. 1, 2025 -> https://www.uhcprovider.com/content/dam/provider/docs/public/commplan/in/priorauth/IN-Pathways-8-1-25.pdf
11:49:53 INFO  doc.found          UHC | Prior authorization requirements for Indiana Pathways effective July 1, 2025 -> https://www.uhcprovider.com/content/dam/provider/docs/public/commplan/in/priorauth/IN-Pathways-7-1-25.pdf
11:49:54 INFO  doc.found          UHC | Prior authorization requirements for Indiana Pathways effective June 1, 2025 -> https://www.uhcprovider.com/content/dam/provider/docs/public/commplan/in/priorauth/IN-Pathways-6-1-25.pdf
11:49:57 INFO  doc.found          UHC | Prior authorization requirements for Indiana Pathways effective May 1, 2025 -> https://www.uhcprovider.com/content/dam/provider/docs/public/commplan/in/priorauth/IN-Pathways-5-1-25.pdf
11:49:57 INFO  doc.found          UHC | Prior authorization requirements for Indiana Pathways effective Apr. 1, 2025 -> https://www.uhcprovider.com/content/dam/provider/docs/public/commplan/in/priorauth/IN-Pathways-4-1-25.pdf
11:49:59 INFO  doc.found          UHC | Prior authorization requirements for Indiana Pathways effective Feb. 1, 2025 -> https://www.uhcprovider.com/content/dam/provider/docs/public/commplan/in/priorauth/IN-Pathways-2-1-25.pdf
11:50:00 INFO  doc.found          UHC | Prior authorization requirements for Indiana MLTSS Pathways effective Jan. 1, 2025 -> https://www.uhcprovider.com/content/dam/provider/docs/public/commplan/in/priorauth/IN-MLTSS-1-1-25.pdf
11:50:00 INFO  doc.found          UHC | Prior authorization requirements for Indiana MLTSS Pathways effective Nov. 1, 2024 -> https://www.uhcprovider.com/content/dam/provider/docs/public/commplan/in/priorauth/IN-MLTSS-11-1-24.pdf
11:50:00 INFO  doc.found          UHC | Prior authorization requirements for Indiana MLTSS Pathways effective Oct. 1, 2024 -> https://www.uhcprovider.com/content/dam/provider/docs/public/commplan/in/priorauth/IN-MLTSS-10-1-24.pdf
11:50:02 INFO  doc.found          UHC | Prior authorization requirements for Indiana MLTSS Pathways effective Sept. 1, 2024 -> https://www.uhcprovider.com/content/dam/provider/docs/public/commplan/in/priorauth/IN-MLTSS-9-1-24.pdf
11:50:03 INFO  doc.found          UHC | UnitedHealthcare Community Plan Prior Authorization Kansas - Effective June 1, 2026 -> https://www.uhcprovider.com/content/dam/provider/docs/public/commplan/ks/prior-authorization/KS-UHCCP-Prior-Authorization-Effective-6-1-2026.pdf
11:50:06 INFO  doc.found          UHC | UnitedHealthcare Community Plan Prior Authorization Kansas - Effective Apr. 1, 2026 -> https://www.uhcprovider.com/content/dam/provider/docs/public/commplan/ks/prior-authorization/KS-UHCCP-Prior-Authorization-Effective-4-1-2026.pdf
11:50:06 INFO  doc.found          UHC | UnitedHealthcare Community Plan Prior Authorization Kansas - Effective Mar. 1, 2026 -> https://www.uhcprovider.com/content/dam/provider/docs/public/commplan/ks/prior-authorization/KS-UHCCP-Prior-Authorization-Effective-3-1-2026.pdf
11:50:07 INFO  doc.found          UHC | UnitedHealthcare Community Plan Prior Authorization Kansas - Effective Feb. 1, 2026 -> https://www.uhcprovider.com/content/dam/provider/docs/public/commplan/ks/prior-authorization/KS-UHCCP-Prior-Authorization-Effective-2-1-2026.pdf
11:50:08 INFO  doc.found          UHC | UnitedHealthcare Community Plan Prior Authorization Kansas - Effective Jan. 1, 2026 -> https://www.uhcprovider.com/content/dam/provider/docs/public/commplan/ks/prior-authorization/KS-UHCCP-Prior-Authorization-Effective-1-1-2026.pdf
11:50:09 INFO  doc.found          UHC | UnitedHealthcare Community Plan Prior Authorization Kansas - Effective Nov. 1, 2025 -> https://www.uhcprovider.com/content/dam/provider/docs/public/commplan/ks/prior-authorization/KS-UHCCP-Prior-Authorization-Effective-11-1-2025.pdf
11:50:11 INFO  doc.found          UHC | UnitedHealthcare Community Plan Prior Authorization Kansas - Effective Oct. 1, 2025 -> https://www.uhcprovider.com/content/dam/provider/docs/public/commplan/ks/prior-authorization/KS-UHCCP-Prior-Authorization-Effective-10-1-2025.pdf
11:50:12 INFO  doc.found          UHC | UnitedHealthcare Community Plan Prior Authorization Kansas - Effective Sept. 1, 2025 -> https://www.uhcprovider.com/content/dam/provider/docs/public/commplan/ks/prior-authorization/KS-UHCCP-Prior-Authorization-Effective-9-1-2025.pdf
11:50:12 INFO  doc.found          UHC | UnitedHealthcare Community Plan Prior Authorization Kansas - Effective August 1, 2025 -> https://www.uhcprovider.com/content/dam/provider/docs/public/commplan/ks/prior-authorization/KS-UHCCP-Prior-Authorization-Effective-8-1-2025.pdf
11:50:14 INFO  doc.found          UHC | UnitedHealthcare Community Plan Prior Authorization Kansas - Effective June 1, 2025 -> https://www.uhcprovider.com/content/dam/provider/docs/public/commplan/ks/prior-authorization/KS-UHCCP-Prior-Authorization-Effective-6-1-2025.pdf
11:50:15 INFO  doc.found          UHC | UnitedHealthcare Community Plan Prior Authorization Kansas - Effective July 1, 2025 -> https://www.uhcprovider.com/content/dam/provider/docs/public/commplan/ks/prior-authorization/KS-UHCCP-Prior-Authorization-Effective-7-1-2025.pdf
11:50:16 INFO  doc.found          UHC | UnitedHealthcare Community Plan Prior Authorization Kansas - Effective April 1, 2025 -> https://www.uhcprovider.com/content/dam/provider/docs/public/commplan/ks/prior-authorization/KS-UHCCP-Prior-Authorization-Effective-4-1-2025.pdf
11:50:17 INFO  doc.found          UHC | UnitedHealthcare Community Plan Prior Authorization Kansas - Effective March 1, 2025 -> https://www.uhcprovider.com/content/dam/provider/docs/public/commplan/ks/prior-authorization/KS-UHCCP-Prior-Authorization-Effective-3-1-2025.pdf
11:50:18 INFO  doc.found          UHC | UnitedHealthcare Community Plan Prior Authorization Kansas - Effective December 1, 2024 -> https://www.uhcprovider.com/content/dam/provider/docs/public/commplan/ks/prior-authorization/KS-UHCCP-Prior-Authorization-Effective-12-1-2024.pdf
11:50:18 INFO  doc.found          UHC | UnitedHealthcare Community Plan Prior Authorization Kansas - Effective January 1, 2025 -> https://www.uhcprovider.com/content/dam/provider/docs/public/commplan/ks/prior-authorization/KS-UHCCP-Prior-Authorization-Effective-1-1-2025.pdf
11:50:21 INFO  doc.found          UHC | UnitedHealthcare Community Plan Prior Authorization Kansas - Effective October 1, 2024 -> https://www.uhcprovider.com/content/dam/provider/docs/public/commplan/ks/prior-authorization/KS-UHCCP-Prior-Authorization-Effective-10-1-2024.pdf
11:50:22 INFO  doc.found          UHC | UnitedHealthcare Community Plan Prior Authorization Requirements for Kentucky - Effective June 1, 2026 -> https://www.uhcprovider.com/content/dam/provider/docs/public/commplan/ky/pa/KY-Prior-Auth-6-1-2026.pdf
11:50:25 INFO  doc.found          UHC | UnitedHealthcare Community Plan Prior Authorization Requirements for Kentucky - Effective April 1, 2026 -> https://www.uhcprovider.com/content/dam/provider/docs/public/commplan/ky/pa/KY-Prior-Auth-4-1-2026.pdf
11:50:25 INFO  doc.found          UHC | UnitedHealthcare Community Plan Prior Authorization Requirements for Kentucky - Effective March 1, 2026 -> https://www.uhcprovider.com/content/dam/provider/docs/public/commplan/ky/pa/KY-Prior-Auth-3-1-2026.pdf
11:50:27 INFO  doc.found          UHC | UnitedHealthcare Community Plan Prior Authorization Requirements for Kentucky - Effective January 1, 2026 -> https://www.uhcprovider.com/content/dam/provider/docs/public/commplan/ky/pa/KY-Prior-Auth-1-1-2026.pdf
11:50:27 INFO  doc.found          UHC | UnitedHealthcare Community Plan Prior Authorization Requirements for Kentucky - Effective Nov 1, 2025 -> https://www.uhcprovider.com/content/dam/provider/docs/public/commplan/ky/pa/KY-Prior-Auth-11-1-2025.pdf
11:50:28 INFO  doc.found          UHC | UnitedHealthcare Community Plan Prior Authorization Requirements for Kentucky - Effective July 1, 2025 -> https://www.uhcprovider.com/content/dam/provider/docs/public/commplan/ky/pa/KY-Prior-Auth-7-1-2025.pdf
11:50:28 INFO  doc.found          UHC | UnitedHealthcare Community Plan Prior Authorization Requirements for Kentucky - Effective June 1, 2025 -> https://www.uhcprovider.com/content/dam/provider/docs/public/commplan/ky/pa/KY-Prior-Auth-6-1-2025.pdf
11:50:30 INFO  doc.found          UHC | UnitedHealthcare Community Plan Prior Authorization Requirements for Kentucky - Effective May 1, 2025 -> https://www.uhcprovider.com/content/dam/provider/docs/public/commplan/ky/pa/KY-Prior-Auth-5-1-2025.pdf
11:50:31 INFO  doc.found          UHC | UnitedHealthcare Community Plan Prior Authorization Requirements for Kentucky - Effective April 1, 2025 -> https://www.uhcprovider.com/content/dam/provider/docs/public/commplan/ky/pa/KY-Prior-Auth-4-1-2025.pdf
11:50:32 INFO  doc.found          UHC | UnitedHealthcare Community Plan Prior Authorization Requirements for Kentucky - Effective March 1, 2025 -> https://www.uhcprovider.com/content/dam/provider/docs/public/commplan/ky/pa/KY-Prior-Auth-3-1-2025.pdf
11:50:34 INFO  doc.found          UHC | UnitedHealthcare Community Plan Prior Authorization Requirements for Kentucky - Effective February 1, 2025 -> https://www.uhcprovider.com/content/dam/provider/docs/public/commplan/ky/pa/KY-Prior-Auth-2-1-2025.pdf
11:50:35 INFO  doc.found          UHC | UnitedHealthcare Community Plan Prior Authorization Requirements for Kentucky - Effective January 1, 2025 -> https://www.uhcprovider.com/content/dam/provider/docs/public/commplan/ky/pa/KY-Prior-Auth-1-1-2025.pdf
11:50:36 INFO  doc.found          UHC | UnitedHealthcare Community Plan Prior Authorization Requirements for Kentucky - Effective December 1, 2024 -> https://www.uhcprovider.com/content/dam/provider/docs/public/commplan/ky/KY-Prior-Auth-12-1-2024.pdf
11:50:36 INFO  doc.found          UHC | UnitedHealthcare Community Plan Prior Authorization Requirements for Kentucky - Effective October 1, 2024 -> https://www.uhcprovider.com/content/dam/provider/docs/public/commplan/ky/KY-Prior-Auth-10-1-2024.pdf
11:50:38 INFO  doc.found          UHC | UnitedHealthcare Community Plan Prior Authorization Requirements for Kentucky - Effective September 1, 2024 -> https://www.uhcprovider.com/content/dam/provider/docs/public/commplan/ky/KY-Prior-Auth-9-1-2024.pdf
11:50:38 INFO  doc.found          UHC | UnitedHealthcare Community Plan Prior Authorization Requirements for Kentucky - Effective August 1, 2024 -> https://www.uhcprovider.com/content/dam/provider/docs/public/commplan/ky/KY-Prior-Auth-8-1-2024.pdf
11:50:40 INFO  doc.found          UHC | UnitedHealthcare Community Plan Prior Authorization Requirements for Louisiana Medicaid - Effective Nov 1, 2025 -> https://www.uhcprovider.com/content/dam/provider/docs/public/commplan/la/prior-authorization/LA-UHCCP-Prior-Auth-11-1-2025.pdf
11:50:41 INFO  doc.found          UHC | UnitedHealthcare Community Plan Prior Authorization Requirements for Louisiana Medicaid - Effective August 1, 2025 -> https://www.uhcprovider.com/content/dam/provider/docs/public/commplan/la/prior-authorization/LA-UHCCP-Prior-Auth-8-1-2025.pdf
11:50:41 INFO  doc.found          UHC | UnitedHealthcare Community Plan Prior Authorization Requirements for Louisiana Medicaid - Effective July 1, 2025 -> https://www.uhcprovider.com/content/dam/provider/docs/public/commplan/la/prior-authorization/LA-UHCCP-Prior-Auth-7-1-2025.pdf
11:50:43 INFO  doc.found          UHC | UnitedHealthcare Community Plan Prior Authorization Requirements for Louisiana Medicaid - Effective June 1, 2025 -> https://www.uhcprovider.com/content/dam/provider/docs/public/commplan/la/prior-authorization/LA-UHCCP-Prior-Auth-6-1-2025.pdf
11:50:45 INFO  doc.found          UHC | UnitedHealthcare Community Plan Prior Authorization Requirements for Louisiana Medicaid - Effective May 1, 2025 -> https://www.uhcprovider.com/content/dam/provider/docs/public/commplan/la/prior-authorization/LA-UHCCP-Prior-Auth-5-1-2025.pdf
11:50:45 INFO  doc.found          UHC | UnitedHealthcare Community Plan Prior Authorization Requirements for Louisiana Medicaid - Effective April 1, 2025 -> https://www.uhcprovider.com/content/dam/provider/docs/public/commplan/la/prior-authorization/LA-UHCCP-Prior-Auth-4-1-2025.pdf
11:50:47 INFO  doc.found          UHC | UnitedHealthcare Community Plan Prior Authorization Requirements for Louisiana Medicaid - Effective March 1, 2025 -> https://www.uhcprovider.com/content/dam/provider/docs/public/commplan/la/prior-authorization/LA-UHCCP-Prior-Auth-3-1-2025.pdf
11:50:47 INFO  doc.found          UHC | UnitedHealthcare Community Plan Prior Authorization Requirements for Louisiana Medicaid - Effective February 1, 2025 -> https://www.uhcprovider.com/content/dam/provider/docs/public/commplan/la/prior-authorization/LA-UHCCP-Prior-Auth-2-1-2025.pdf
11:50:49 INFO  doc.found          UHC | UnitedHealthcare Community Plan Prior Authorization Requirements for Louisiana Medicaid - Effective January 1, 2025 -> https://www.uhcprovider.com/content/dam/provider/docs/public/commplan/la/prior-authorization/LA-UHCCP-Prior-Authorization-Effective-1-1-2025.pdf
11:50:50 INFO  doc.found          UHC | UnitedHealthcare Community Plan Prior Authorization Requirements for Louisiana Medicaid - Effective December 1, 2024 -> https://www.uhcprovider.com/content/dam/provider/docs/public/commplan/la/prior-authorization/LA-UHCCP-Prior-Authorization-Effective-12-01-2024.pdf
11:50:52 INFO  doc.found          UHC | UnitedHealthcare Community Plan Prior Authorization Requirements for Louisiana Medicaid - Effective October 1, 2024 -> https://www.uhcprovider.com/content/dam/provider/docs/public/commplan/la/prior-authorization/LA-eff-10-1-24.pdf
11:50:53 INFO  doc.found          UHC | Prior Authorization Requirements for Maryland - Effective July 1, 2026 - UnitedHealthcare Community Plan of Maryland -> https://www.uhcprovider.com/content/dam/provider/docs/public/commplan/md/prior-authorization/MD-UHCCP-Prior-Authorization-Effective-7-1-2026.pdf
11:50:54 INFO  doc.found          UHC | Prior Authorization Requirements for Maryland - Effective April 1, 2026 - UnitedHealthcare Community Plan of Maryland -> https://www.uhcprovider.com/content/dam/provider/docs/public/commplan/md/prior-authorization/MD-UHCCP-Prior-Authorization-Effective-4-1-2026.pdf
11:50:55 INFO  doc.found          UHC | Prior Authorization Requirements for Maryland - Effective March 1, 2026 - UnitedHealthcare Community Plan of Maryland -> https://www.uhcprovider.com/content/dam/provider/docs/public/commplan/md/prior-authorization/MD-UHCCP-Prior-Authorization-Effective-3-1-2026.pdf
11:50:56 INFO  doc.found          UHC | Prior Authorization Requirements for Maryland - Effective January 1, 2026 - UnitedHealthcare Community Plan of Maryland -> https://www.uhcprovider.com/content/dam/provider/docs/public/commplan/md/prior-authorization/MD-UHCCP-Prior-Authorization-Effective-1-1-2026.pdf
11:50:57 INFO  doc.found          UHC | Prior Authorization Requirements for Maryland - Effective July 1, 2025 - UnitedHealthcare Community Plan of Maryland -> https://www.uhcprovider.com/content/dam/provider/docs/public/commplan/md/prior-authorization/MD-UHCCP-Prior-Authorization-Effective-7-1-2025.pdf
11:50:57 INFO  doc.found          UHC | Prior Authorization Requirements for Maryland - Effective October 1, 2025 - UnitedHealthcare Community Plan of Maryland -> https://www.uhcprovider.com/content/dam/provider/docs/public/commplan/md/prior-authorization/MD-UHCCP-Prior-Authorization-Effective-10-1-2025.pdf
11:51:00 INFO  doc.found          UHC | Prior Authorization Requirements for Maryland - Effective June 1, 2025 - UnitedHealthcare Community Plan of Maryland -> https://www.uhcprovider.com/content/dam/provider/docs/public/commplan/md/prior-authorization/MD-UHCCP-Prior-Authorization-Effective-6-1-2025.pdf
11:51:00 INFO  doc.found          UHC | Prior Authorization Requirements for Maryland - Effective April 1, 2025 - UnitedHealthcare Community Plan of Maryland -> https://www.uhcprovider.com/content/dam/provider/docs/public/commplan/md/prior-authorization/MD-UHCCP-Prior-Authorization-Effective-4-1-2025.pdf
11:51:02 INFO  doc.found          UHC | Prior Authorization Requirements for Maryland - Effective March 1, 2025 - UnitedHealthcare Community Plan of Maryland -> https://www.uhcprovider.com/content/dam/provider/docs/public/commplan/md/prior-authorization/MD-UHCCP-Prior-Authorization-Effective-3-1-2025.pdf
11:51:03 INFO  doc.found          UHC | Prior Authorization Requirements for Maryland - Effective February 1, 2025 - UnitedHealthcare Community Plan of Maryland -> https://www.uhcprovider.com/content/dam/provider/docs/public/commplan/md/prior-authorization/MD-UHCCP-Prior-Authorization-Effective-2-1-2025.pdf
11:51:03 INFO  doc.found          UHC | Prior Authorization Requirements for Maryland - Effective January 1, 2025 - UnitedHealthcare Community Plan of Maryland -> https://www.uhcprovider.com/content/dam/provider/docs/public/commplan/md/prior-authorization/MD-UHCCP-Prior-Authorization-Effective-1-1-2025.pdf
11:51:05 INFO  doc.found          UHC | Prior Authorization Requirements for Maryland - Effective October 1, 2024 - UnitedHealthcare Community Plan of Maryland -> https://www.uhcprovider.com/content/dam/provider/docs/public/commplan/md/prior-authorization/MD-UHCCP-Prior-Authorization-Effective-10-1-2024.pdf
11:51:05 INFO  doc.found          UHC | Prior Authorization Requirements for Maryland - Effective December 1, 2024 - UnitedHealthcare Community Plan of Maryland -> https://www.uhcprovider.com/content/dam/provider/docs/public/commplan/md/prior-authorization/MD-UHCCP-Prior-Authorization-Effective-12-1-2024.pdf
11:51:07 INFO  doc.found          UHC | Prior authorization requirements for Massachusetts Senior Care Options(SCO) OneCare - Effective Aug. 1, 2026 -> https://www.uhcprovider.com/content/dam/provider/docs/public/commplan/ma/prior-authorization-and-notification/MA-UHCCP-SCO-OneCare-PA-8-1-2026.pdf
11:51:09 INFO  doc.found          UHC | Prior authorization requirements for Massachusetts Senior Care Options(SCO) OneCare - Effective July 1, 2026 -> https://www.uhcprovider.com/content/dam/provider/docs/public/commplan/ma/prior-authorization-and-notification/MA-UHCCP-SCO-OneCare-PA-7-1-2026.pdf
11:51:10 INFO  doc.found          UHC | Prior authorization requirements for Massachusetts Senior Care Options(SCO) OneCare - Effective Apr. 1, 2026 -> https://www.uhcprovider.com/content/dam/provider/docs/public/commplan/ma/prior-authorization-and-notification/MA-UHCCP-SCO-OneCare-PA-4-1-2026.pdf
11:51:11 INFO  doc.found          UHC | Prior authorization requirements for Massachusetts Senior Care Options(SCO) OneCare - Effective Mar. 1, 2026 -> https://www.uhcprovider.com/content/dam/provider/docs/public/commplan/ma/prior-authorization-and-notification/MA-UHCCP-SCO-OneCare-PA-3-1-2026.pdf
11:51:12 INFO  doc.found          UHC | Prior authorization requirements for Massachusetts Senior Care Options(SCO) OneCare - Effective Feb. 1, 2026 -> https://www.uhcprovider.com/content/dam/provider/docs/public/commplan/ma/prior-authorization-and-notification/MA-UHCCP-SCO-OneCare-PA-2-1-2026.pdf
11:51:13 INFO  doc.found          UHC | Prior authorization requirements for Massachusetts Senior Care Options(SCO) OneCare - Effective Nov 1, 2025 -> https://www.uhcprovider.com/content/dam/provider/docs/public/commplan/ma/prior-authorization-and-notification/MA-UHCCP-SCO-OneCare-PA-1-1-2026.pdf
11:51:14 INFO  doc.found          UHC | UnitedHealthcare Community Plan Prior Authorization Requirements Michigan Medicaid, Healthy Michigan Plan (HMP), and Children’s Special Health Care Services (CSHCS) - Effective June 1, 2026 -> https://www.uhcprovider.com/content/dam/provider/docs/public/commplan/mi/prior-authorization/MI-UHCCP-PA-Medicaid-Health-CSHCS-6-1-2026.pdf
11:51:16 INFO  doc.found          UHC | UnitedHealthcare Community Plan Prior Authorization Requirements Michigan Medicaid, Healthy Michigan Plan (HMP), and Children’s Special Health Care Services (CSHCS) - Effective Apr. 1, 2026 -> https://www.uhcprovider.com/content/dam/provider/docs/public/commplan/mi/prior-authorization/MI-UHCCP-PA-Medicaid-Health-CSHCS-4-1-2026.pdf
11:51:17 INFO  doc.found          UHC | UnitedHealthcare Community Plan Prior Authorization Requirements Michigan Medicaid, Healthy Michigan Plan (HMP), and Children’s Special Health Care Services (CSHCS) - Effective Mar. 1, 2026 -> https://www.uhcprovider.com/content/dam/provider/docs/public/commplan/mi/prior-authorization/MI-UHCCP-PA-Medicaid-Health-CSHCS-3-1-2026.pdf
11:51:18 INFO  doc.found          UHC | UnitedHealthcare Community Plan Prior Authorization Requirements Michigan Medicaid, Healthy Michigan Plan (HMP), and Children’s Special Health Care Services (CSHCS) - Effective Feb. 1, 2026 -> https://www.uhcprovider.com/content/dam/provider/docs/public/commplan/mi/prior-authorization/MI-UHCCP-PA-Medicaid-Health-CSHCS-2-1-2026.pdf
11:51:19 INFO  doc.found          UHC | UnitedHealthcare Community Plan Prior Authorization Requirements Michigan Medicaid, Healthy Michigan Plan (HMP), and Children’s Special Health Care Services (CSHCS) - Effective January 1, 2026 -> https://www.uhcprovider.com/content/dam/provider/docs/public/commplan/mi/prior-authorization/MI-UHCCP-PA-Medicaid-Health-CSHCS-1-1-2026.pdf
11:51:20 INFO  doc.found          UHC | UnitedHealthcare Community Plan Prior Authorization Requirements Michigan Medicaid, Healthy Michigan Plan (HMP), and Children’s Special Health Care Services (CSHCS) - Effective October 1, 2025 -> https://www.uhcprovider.com/content/dam/provider/docs/public/commplan/mi/prior-authorization/MI-UHCCP-PA-Medicaid-Health-CSHCS-10-1-2025.pdf
11:51:21 INFO  doc.found          UHC | UnitedHealthcare Community Plan Prior Authorization Requirements Michigan Medicaid, Healthy Michigan Plan (HMP), and Children’s Special Health Care Services (CSHCS) - Effective August 1, 2025 -> https://www.uhcprovider.com/content/dam/provider/docs/public/commplan/mi/prior-authorization/MI-UHCCP-PA-Medicaid-Health-CSHCS-8-1-2025.pdf
11:51:22 INFO  doc.found          UHC | UnitedHealthcare Community Plan Prior Authorization Requirements Michigan Medicaid, Healthy Michigan Plan (HMP), and Children’s Special Health Care Services (CSHCS) - Effective July 1, 2025 -> https://www.uhcprovider.com/content/dam/provider/docs/public/commplan/mi/prior-authorization/MI-UHCCP-PA-Medicaid-Health-CSHCS-7-1-2025.pdf
11:51:24 INFO  doc.found          UHC | UnitedHealthcare Community Plan Prior Authorization Requirements Michigan Medicaid, Healthy Michigan Plan (HMP), and Children’s Special Health Care Services (CSHCS) - Effective June 1, 2025 -> https://www.uhcprovider.com/content/dam/provider/docs/public/commplan/mi/prior-authorization/MI-UHCCP-Prior-Auth-Medicaid-Health-CSHCS-Effective-6-1-2025.pdf
11:51:25 INFO  doc.found          UHC | UnitedHealthcare Community Plan Prior Authorization Requirements Michigan Medicaid, Healthy Michigan Plan (HMP), and Children’s Special Health Care Services (CSHCS) - Effective May 1, 2025 -> https://www.uhcprovider.com/content/dam/provider/docs/public/commplan/mi/prior-authorization/MI-UHCCP-Prior-Auth-Medicaid-Health-CSHCS-Effective-5-1-2025.pdf
11:51:26 INFO  doc.found          UHC | UnitedHealthcare Community Plan Prior Authorization Requirements Michigan Medicaid, Healthy Michigan Plan (HMP), and Children’s Special Health Care Services (CSHCS) - Effective April 1, 2025 -> https://www.uhcprovider.com/content/dam/provider/docs/public/commplan/mi/prior-authorization/MI-UHCCP-Prior-Auth-Medicaid-Health-CSHCS-Effective-4-1-2025.pdf
11:51:28 INFO  doc.found          UHC | UnitedHealthcare Community Plan Prior Authorization Requirements Michigan Medicaid, Healthy Michigan Plan (HMP), and Children’s Special Health Care Services (CSHCS) - Effective March 1, 2025 -> https://www.uhcprovider.com/content/dam/provider/docs/public/commplan/mi/prior-authorization/MI-UHCCP-Prior-Auth-Medicaid-Health-CSHCS-Effective-3-1-2025.pdf
11:51:28 INFO  doc.found          UHC | UnitedHealthcare Community Plan Prior Authorization Requirements Michigan Medicaid, Healthy Michigan Plan (HMP), and Children’s Special Health Care Services (CSHCS) - Effective February 1, 2025 -> https://www.uhcprovider.com/content/dam/provider/docs/public/commplan/mi/prior-authorization/MI-UHCCP-Prior-Auth-Medicaid-Health-CSHCS-Effective-2-1-2025.pdf
11:51:32 INFO  doc.found          UHC | Prior authorization requirements for Missouri Medicaid effective June 1, 2026 -> https://www.uhcprovider.com/content/dam/provider/docs/public/commplan/mo/prior-authorization/MO-UHCCP-Prior-Authorization-6-1-2026.pdf
11:51:33 INFO  doc.found          UHC | UnitedHealthcare Community Plan Prior Authorization Requirements Michigan Medicaid, Healthy Michigan Plan (HMP), and Children’s Special Health Care Services (CSHCS) - Effective October 1, 2024 -> https://www.uhcprovider.com/content/dam/provider/docs/public/commplan/mi/prior-authorization/MI-UHCCP-Prior-Auth-Medicaid-Health-CSHCS-Effective-10-1-2024.pdf
11:51:33 INFO  doc.found          UHC | Prior authorization requirements for Missouri Medicaid effective April 1, 2026 -> https://www.uhcprovider.com/content/dam/provider/docs/public/commplan/mo/prior-authorization/MO-UHCCP-Prior-Authorization-4-1-2026.pdf
11:51:34 INFO  doc.found          UHC | Prior authorization requirements for Missouri Medicaid effective February 1, 2026 -> https://www.uhcprovider.com/content/dam/provider/docs/public/commplan/mo/prior-authorization/MO-UHCCP-Prior-Authorization-2-1-2026.pdf
11:51:35 INFO  doc.found          UHC | Prior authorization requirements for Missouri Medicaid effective January 1, 2026 -> https://www.uhcprovider.com/content/dam/provider/docs/public/commplan/mo/prior-authorization/MO-UHCCP-Prior-Authorization-1-1-2026.pdf
11:51:36 INFO  doc.found          UHC | Effective Nov. 1, 2024 -> https://www.uhcprovider.com/content/dam/provider/docs/public/commplan/mi/prior-authorization/MI-UHCCP-Prior-Auth-Medicaid-Health-CSHCS-Effective-11-1-2024.pdf
11:51:38 INFO  doc.found          UHC | Prior authorization requirements for Missouri Medicaid effective July 1, 2025 -> https://www.uhcprovider.com/content/dam/provider/docs/public/commplan/mo/prior-authorization/MO-UHCCP-Prior-Authorization-7-1-2025.pdf
11:51:39 INFO  doc.found          UHC | Prior authorization requirements for Missouri Medicaid effective Jan. 1, 2025 -> https://www.uhcprovider.com/content/dam/provider/docs/public/commplan/mo/prior-authorization/MO-UHCCP-Prior-Authorization-1-1-2025.pdf
11:51:40 INFO  doc.found          UHC | UnitedHealthcare Community Plan Prior Authorization Requirements Nebraska - Effective June 1, 2026 -> https://www.uhcprovider.com/content/dam/provider/docs/public/commplan/ne/prior-authorization/NE-UHCCP-Prior-Authorization-Effective-6-1-2026.pdf
11:51:41 INFO  doc.found          UHC | UnitedHealthcare Community Plan Prior Authorization Requirements Nebraska - Effective April 1, 2026 -> https://www.uhcprovider.com/content/dam/provider/docs/public/commplan/ne/prior-authorization/NE-UHCCP-Prior-Authorization-Effective-4-1-2026.pdf
11:51:42 INFO  doc.found          UHC | UnitedHealthcare Community Plan Prior Authorization Requirements Nebraska - Effective February 1, 2026 -> https://www.uhcprovider.com/content/dam/provider/docs/public/commplan/ne/prior-authorization/NE-UHCCP-Prior-Authorization-Effective-2-1-2026.pdf
11:51:44 INFO  doc.found          UHC | UnitedHealthcare Community Plan Prior Authorization Requirements Nebraska - Effective January 1, 2026 -> https://www.uhcprovider.com/content/dam/provider/docs/public/commplan/ne/prior-authorization/NE-UHCCP-Prior-Authorization-Effective-1-1-2026.pdf
11:51:44 INFO  doc.found          UHC | UnitedHealthcare Community Plan Prior Authorization Requirements Nebraska - Effective July 1, 2025 -> https://www.uhcprovider.com/content/dam/provider/docs/public/commplan/ne/prior-authorization/NE-UHCCP-Prior-Authorization-Effective-7-1-2025.pdf
11:51:45 INFO  doc.found          UHC | UnitedHealthcare Community Plan Prior Authorization Requirements Nebraska - Effective October 1, 2025 -> https://www.uhcprovider.com/content/dam/provider/docs/public/commplan/ne/prior-authorization/NE-UHCCP-Prior-Authorization-Effective-10-1-2025.pdf
11:51:46 INFO  doc.found          UHC | UnitedHealthcare Community Plan Prior Authorization Requirements Nebraska - Effective May 1, 2025 -> https://www.uhcprovider.com/content/dam/provider/docs/public/commplan/ne/prior-authorization/NE-UHCCP-Prior-Authorization-Effective-5-1-2025.pdf
11:51:47 INFO  doc.found          UHC | UnitedHealthcare Community Plan Prior Authorization Requirements Nebraska - Effective June 1, 2025 -> https://www.uhcprovider.com/content/dam/provider/docs/public/commplan/ne/prior-authorization/NE-UHCCP-Prior-Authorization-Effective-6-1-2025.pdf
11:51:49 INFO  doc.found          UHC | UnitedHealthcare Community Plan Prior Authorization Requirements Nebraska - Effective April 1, 2025 -> https://www.uhcprovider.com/content/dam/provider/docs/public/commplan/ne/prior-authorization/NE-UHCCP-Prior-Authorization-Effective-4-1-2025.pdf
11:51:50 INFO  doc.found          UHC | UnitedHealthcare Community Plan Prior Authorization Requirements Nebraska - Effective March 1, 2025 -> https://www.uhcprovider.com/content/dam/provider/docs/public/commplan/ne/prior-authorization/NE-UHCCP-Prior-Authorization-Effective-3-1-2025.pdf
11:51:51 INFO  doc.found          UHC | UnitedHealthcare Community Plan Prior Authorization Requirements Nebraska - Effective February 1, 2025 -> https://www.uhcprovider.com/content/dam/provider/docs/public/commplan/ne/prior-authorization/NE-UHCCP-Prior-Authorization-Effective-2-1-2025.pdf
11:51:51 INFO  doc.found          UHC | UnitedHealthcare Community Plan Prior Authorization Requirements Nebraska - Effective January 1, 2025 -> https://www.uhcprovider.com/content/dam/provider/docs/public/commplan/ne/prior-authorization/NE-UHCCP-Prior-Authorization-Effective-1-1-2025.pdf
11:51:53 INFO  doc.found          UHC | UnitedHealthcare Community Plan Prior Authorization Requirements Nebraska - Effective October 1, 2024 -> https://www.uhcprovider.com/content/dam/provider/docs/public/commplan/ne/prior-authorization/NE-UHCCP-Prior-Authorization-Effective-10-1-2024.pdf
11:51:53 INFO  doc.found          UHC | UnitedHealthcare Community Plan Prior Authorization for New Jersey - Effective July 1, 2026 -> https://www.uhcprovider.com/content/dam/provider/docs/public/commplan/nj/prior-authorization/NJ-UHCCP-Prior-Authorization-Effective-7.1.2026.pdf
11:51:55 INFO  doc.found          UHC | UnitedHealthcare Community Plan Prior Authorization for New Jersey - Effective May 1, 2026 -> https://www.uhcprovider.com/content/dam/provider/docs/public/commplan/nj/prior-authorization/NJ-UHCCP-Prior-Authorization-Effective-5.1.2026.pdf
11:51:56 INFO  doc.found          UHC | UnitedHealthcare Community Plan Prior Authorization for New Jersey - Effective April 1, 2026 -> https://www.uhcprovider.com/content/dam/provider/docs/public/commplan/nj/prior-authorization/NJ-UHCCP-Prior-Authorization-Effective-4.1.2026.pdf
11:51:57 INFO  doc.found          UHC | UnitedHealthcare Community Plan Prior Authorization for New Jersey - Effective March 1, 2026 -> https://www.uhcprovider.com/content/dam/provider/docs/public/commplan/nj/prior-authorization/NJ-UHCCP-Prior-Authorization-Effective-3.1.2026.pdf
11:51:59 INFO  doc.found          UHC | UnitedHealthcare Community Plan Prior Authorization for New Jersey - Effective January 1, 2026 -> https://www.uhcprovider.com/content/dam/provider/docs/public/commplan/nj/prior-authorization/NJ-UHCCP-Prior-Authorization-Effective-1.1.2026.pdf
11:51:59 INFO  doc.found          UHC | UnitedHealthcare Community Plan Prior Authorization for New Jersey - Effective Oct. 1, 2025 -> https://www.uhcprovider.com/content/dam/provider/docs/public/commplan/nj/prior-authorization/NJ-UHCCP-Prior-Authorization-Effective-10.1.2025.pdf
11:52:00 INFO  doc.found          UHC | UnitedHealthcare Community Plan Prior Authorization for New Jersey - Effective July 1, 2025 -> https://www.uhcprovider.com/content/dam/provider/docs/public/commplan/nj/prior-authorization/NJ-UHCCP-Prior-Authorization-Effective-7.1.2025.pdf
11:52:01 INFO  doc.found          UHC | UnitedHealthcare Community Plan Prior Authorization for New Jersey - Effective June 1, 2025 -> https://www.uhcprovider.com/content/dam/provider/docs/public/commplan/nj/prior-authorization/NJ-UHCCP-Prior-Authorization-Effective-6.1.2025.pdf
11:52:02 INFO  doc.found          UHC | UnitedHealthcare Community Plan Prior Authorization for New Jersey - Effective May 1, 2025 -> https://www.uhcprovider.com/content/dam/provider/docs/public/commplan/nj/prior-authorization/NJ-UHCCP-Prior-Authorization-Effective-5.1.2025.pdf
11:52:05 INFO  doc.found          UHC | UnitedHealthcare Community Plan Prior Authorization for New Jersey - Effective April 1, 2025 -> https://www.uhcprovider.com/content/dam/provider/docs/public/commplan/nj/prior-authorization/NJ-UHCCP-Prior-Authorization-Effective-4.1.2025.pdf
11:52:05 INFO  doc.found          UHC | UnitedHealthcare Community Plan Prior Authorization for New Jersey - Effective January 1, 2025 -> https://www.uhcprovider.com/content/dam/provider/docs/public/commplan/nj/prior-authorization/NJ-UHCCP-Prior-Authorization-Effective-1.1.2025.pdf
11:52:07 INFO  doc.found          UHC | UnitedHealthcare Community Plan Prior Authorization for New Jersey - Effective October 1, 2024 -> https://www.uhcprovider.com/content/dam/provider/docs/public/commplan/nj/prior-authorization/NJ-UHCCP-Prior-Authorization-Effective-10.1.2024.pdf
11:52:07 INFO  doc.found          UHC | UnitedHealthcare Community Plan Prior Authorization for New Jersey - Effective December 1, 2024 -> https://www.uhcprovider.com/content/dam/provider/docs/public/commplan/nj/prior-authorization/NJ-UHCCP-Prior-Authorization-Effective-12.1.2024.pdf
11:52:08 INFO  doc.found          UHC | Prior authorization requirements for UnitedHealthcare Community Plan of New Mexico Effective July 1, 2026 -> https://www.uhcprovider.com/content/dam/provider/docs/public/commplan/nm/priorauth/NM-PA-7-1-26.pdf
11:52:09 INFO  doc.found          UHC | Prior authorization requirements for UnitedHealthcare Community Plan of New Mexico Effective May 1, 2026 -> https://www.uhcprovider.com/content/dam/provider/docs/public/commplan/nm/priorauth/NM-PA-5-1-26.pdf
11:52:10 INFO  doc.found          UHC | Prior authorization requirements for UnitedHealthcare Community Plan of New Mexico Effective Apr. 1, 2026 -> https://www.uhcprovider.com/content/dam/provider/docs/public/commplan/nm/priorauth/NM-PA-4-1-26.pdf
11:52:11 INFO  doc.found          UHC | Prior authorization requirements for UnitedHealthcare Community Plan of New Mexico Effective Mar. 1, 2026 -> https://www.uhcprovider.com/content/dam/provider/docs/public/commplan/nm/priorauth/NM-PA-3-1-26.pdf
11:52:14 INFO  doc.found          UHC | Prior authorization requirements for UnitedHealthcare Community Plan of New Mexico Effective Feb. 1, 2026 -> https://www.uhcprovider.com/content/dam/provider/docs/public/commplan/nm/priorauth/NM-PA-2-1-26.pdf
11:52:14 INFO  doc.found          UHC | Prior authorization requirements for UnitedHealthcare Community Plan of New Mexico Effective Jan. 1, 2026 -> https://www.uhcprovider.com/content/dam/provider/docs/public/commplan/nm/priorauth/NM-PA-1-1-26.pdf
11:52:17 INFO  doc.found          UHC | Prior authorization requirements for UnitedHealthcare Community Plan of New Mexico Effective Nov 1, 2025 -> https://www.uhcprovider.com/content/dam/provider/docs/public/commplan/nm/priorauth/NM-PA-11-1-25.pdf
11:52:17 INFO  doc.found          UHC | Prior authorization requirements for UnitedHealthcare Community Plan of New Mexico Effective Oct 1, 2025 -> https://www.uhcprovider.com/content/dam/provider/docs/public/commplan/nm/priorauth/NM-PA-10-1-25.pdf
11:52:18 INFO  doc.found          UHC | Prior authorization requirements for UnitedHealthcare Community Plan of New Mexico Effective July 1, 2025 -> https://www.uhcprovider.com/content/dam/provider/docs/public/commplan/nm/priorauth/NM-PA-7-1-25.pdf
11:52:19 INFO  doc.found          UHC | Prior authorization requirements for UnitedHealthcare Community Plan of New Mexico Effective June 1, 2025 -> https://www.uhcprovider.com/content/dam/provider/docs/public/commplan/nm/priorauth/NM-PA-6-1-25.pdf
11:52:20 INFO  doc.found          UHC | Prior authorization requirements for UnitedHealthcare Community Plan of New Mexico Effective May 1, 2025 -> https://www.uhcprovider.com/content/dam/provider/docs/public/commplan/nm/priorauth/NM-PA-5-1-25.pdf
11:52:21 INFO  doc.found          UHC | Prior authorization requirements for UnitedHealthcare Community Plan of New Mexico Effective April 1, 2025 -> https://www.uhcprovider.com/content/dam/provider/docs/public/commplan/nm/priorauth/NM-PA-4-1-25.pdf
11:52:22 INFO  doc.found          UHC | Prior authorization requirements for UnitedHealthcare Community Plan of New Mexico Effective March 1, 2025 -> https://www.uhcprovider.com/content/dam/provider/docs/public/commplan/nm/priorauth/NM-PA-3-1-25.pdf
11:52:24 INFO  doc.found          UHC | Prior authorization requirements for UnitedHealthcare Community Plan of New Mexico Effective February 1, 2025 -> https://www.uhcprovider.com/content/dam/provider/docs/public/commplan/nm/priorauth/NM-PA-2-1-25.pdf
11:52:25 INFO  doc.found          UHC | Prior authorization requirements for UnitedHealthcare Community Plan of New Mexico Effective January 1, 2025 -> https://www.uhcprovider.com/content/dam/provider/docs/public/commplan/nm/priorauth/NM-PA-1-1-25.pdf
11:52:25 INFO  doc.found          UHC | Prior authorization requirements for UnitedHealthcare Community Plan of New Mexico Effective October 1, 2024 -> https://www.uhcprovider.com/content/dam/provider/docs/public/commplan/nm/priorauth/NM-PA-10-1-24.pdf
11:52:27 INFO  doc.found          UHC | UnitedHealthcare Community Plan of New York Prior Authorization Requirements - Effective June 1, 2026 -> https://www.uhcprovider.com/content/dam/provider/docs/public/commplan/ny/prior-authorization-and-notification/NY-UHCCP-PA-Eff-6-1-2026.pdf
11:52:27 INFO  doc.found          UHC | UnitedHealthcare Community Plan of New York Prior Authorization Requirements - Effective Apr. 1, 2026 -> https://www.uhcprovider.com/content/dam/provider/docs/public/commplan/ny/prior-authorization-and-notification/NY-UHCCP-PA-Eff-4-1-2026.pdf
11:52:29 INFO  doc.found          UHC | UnitedHealthcare Community Plan of New York Prior Authorization Requirements - Effective Mar. 1, 2026 -> https://www.uhcprovider.com/content/dam/provider/docs/public/commplan/ny/prior-authorization-and-notification/NY-UHCCP-PA-Eff-3-1-2026.pdf
11:52:30 INFO  doc.found          UHC | UnitedHealthcare Community Plan of New York Prior Authorization Requirements - Effective Feb. 1, 2026 -> https://www.uhcprovider.com/content/dam/provider/docs/public/commplan/ny/prior-authorization-and-notification/NY-UHCCP-PA-Eff-2-1-2026.pdf
11:52:33 INFO  doc.found          UHC | UnitedHealthcare Community Plan of New York Prior Authorization Requirements - Effective Jan. 1, 2026 -> https://www.uhcprovider.com/content/dam/provider/docs/public/commplan/ny/prior-authorization-and-notification/NY-UHCCP-PA-Eff-1-1-2026.pdf
11:52:34 INFO  doc.found          UHC | UnitedHealthcare Community Plan of New York Prior Authorization Requirements - Effective Nov. 1, 2025 -> https://www.uhcprovider.com/content/dam/provider/docs/public/commplan/ny/prior-authorization-and-notification/NY-UHCCP-Prior-Authorization-Effective-11-1-2025.pdf
11:52:35 INFO  doc.found          UHC | UnitedHealthcare Community Plan of New York Prior Authorization Requirements - Effective Oct. 1, 2025 -> https://www.uhcprovider.com/content/dam/provider/docs/public/commplan/ny/prior-authorization-and-notification/NY-UHCCP-Prior-Authorization-Effective-10-1-2025.pdf
11:52:36 INFO  doc.found          UHC | UnitedHealthcare Community Plan of New York Prior Authorization Requirements - Effective August 1, 2025 -> https://www.uhcprovider.com/content/dam/provider/docs/public/commplan/ny/prior-authorization-and-notification/NY-UHCCP-Prior-Authorization-Effective-8-1-2025.pdf
11:52:36 INFO  doc.found          UHC | UnitedHealthcare Community Plan of New York Prior Authorization Requirements - Effective July 1, 2025 -> https://www.uhcprovider.com/content/dam/provider/docs/public/commplan/ny/prior-authorization-and-notification/NY-UHCCP-Prior-Authorization-Effective-7-1-2025.pdf
11:52:37 INFO  doc.found          UHC | UnitedHealthcare Community Plan of New York Prior Authorization Requirements - Effective June 1, 2025 -> https://www.uhcprovider.com/content/dam/provider/docs/public/commplan/ny/prior-authorization-and-notification/NY-UHCCP-Prior-Authorization-Effective-6-1-2025.pdf
11:52:40 INFO  doc.found          UHC | UnitedHealthcare Community Plan of New York Prior Authorization Requirements - Effective May 1, 2025 -> https://www.uhcprovider.com/content/dam/provider/docs/public/commplan/ny/prior-authorization-and-notification/NY-UHCCP-Prior-Authorization-Effective-5-1-2025.pdf
11:52:41 INFO  doc.found          UHC | UnitedHealthcare Community Plan of New York Prior Authorization Requirements - Effective April 1, 2025 -> https://www.uhcprovider.com/content/dam/provider/docs/public/commplan/ny/prior-authorization-and-notification/NY-UHCCP-Prior-Authorization-Effective-4-1-2025.pdf
11:52:43 INFO  doc.found          UHC | UnitedHealthcare Community Plan of New York Prior Authorization Requirements - Effective February 1, 2025 -> https://www.uhcprovider.com/content/dam/provider/docs/public/commplan/ny/prior-authorization-and-notification/NY-UHCCP-Prior-Authorization-Effective-2-1-2025.pdf
11:52:44 INFO  doc.found          UHC | UnitedHealthcare Community Plan of New York Prior Authorization Requirements - Effective Oct. 1, 2024 -> https://www.uhcprovider.com/content/dam/provider/docs/public/commplan/ny/prior-authorization-and-notification/NY-UHCCP-Prior-Authorization-Effective-10-1-2024.pdf
11:52:46 INFO  doc.found          UHC | UnitedHealthcare Community Plan of North Carolina Prior Authorization Requirements - Effective June 1, 2026 -> https://www.uhcprovider.com/content/dam/provider/docs/public/commplan/nc/prior-authorization/NC-PA-6-1-2026.pdf
11:52:46 INFO  doc.found          UHC | UnitedHealthcare Community Plan of North Carolina Prior Authorization Requirements - Effective Apr. 1, 2026 -> https://www.uhcprovider.com/content/dam/provider/docs/public/commplan/nc/prior-authorization/NC-PA-4-1-2026.pdf
11:52:48 INFO  doc.found          UHC | UnitedHealthcare Community Plan of North Carolina Prior Authorization Requirements - Effective Feb. 1, 2026 -> https://www.uhcprovider.com/content/dam/provider/docs/public/commplan/nc/prior-authorization/NC-PA-2-1-2026.pdf
11:52:49 INFO  doc.found          UHC | UnitedHealthcare Community Plan of North Carolina Prior Authorization Requirements - Effective Jan. 1, 2026 -> https://www.uhcprovider.com/content/dam/provider/docs/public/commplan/nc/prior-authorization/NC-PA-1-1-2026.pdf
11:52:51 INFO  doc.found          UHC | UnitedHealthcare Community Plan of North Carolina Prior Authorization Requirements - Effective Nov. 1, 2025 -> https://www.uhcprovider.com/content/dam/provider/docs/public/commplan/nc/prior-authorization/NC-PA-11-1-2025.pdf
11:52:52 INFO  doc.found          UHC | UnitedHealthcare Community Plan of North Carolina Prior Authorization Requirements - Effective Dec. 1, 2025 -> https://www.uhcprovider.com/content/dam/provider/docs/public/commplan/nc/prior-authorization/NC-PA-12-1-2025.pdf
11:52:54 INFO  doc.found          UHC | UnitedHealthcare Community Plan of North Carolina Prior Authorization Requirements - Effective July 1, 2025 -> https://www.uhcprovider.com/content/dam/provider/docs/public/commplan/nc/prior-authorization/NC-PA-7-1-2025.pdf
11:52:55 INFO  doc.found          UHC | UnitedHealthcare Community Plan of North Carolina Prior Authorization Requirements - Effective April 1, 2025 -> https://www.uhcprovider.com/content/dam/provider/docs/public/commplan/nc/prior-authorization/NC-PA-4-1-2025.pdf
11:52:57 INFO  doc.found          UHC | UnitedHealthcare Community Plan of North Carolina Prior Authorization Requirements - Behavioral Health - Effective March 1, 2025 -> https://www.uhcprovider.com/content/dam/provider/docs/public/commplan/nc/prior-authorization/NC-PA-3-1-2025.pdf
11:52:57 INFO  doc.found          UHC | UnitedHealthcare Community Plan of North Carolina Prior Authorization Requirements - Effective January 1, 2025 -> https://www.uhcprovider.com/content/dam/provider/docs/public/commplan/nc/prior-authorization/NC-PA-1-1-2025.pdf
11:52:58 INFO  doc.found          UHC | UnitedHealthcare Community Plan Prior Authorization Requirements Rhode Island - Effective Apr. 1, 2026 -> https://www.uhcprovider.com/content/dam/provider/docs/public/commplan/ri/prior-authorization-and-notification/RI-UHCCP-PA-4-1-26.pdf
11:53:00 INFO  doc.found          UHC | UnitedHealthcare Community Plan Prior Authorization Requirements Rhode Island - Effective Mar. 1, 2026 -> https://www.uhcprovider.com/content/dam/provider/docs/public/commplan/ri/prior-authorization-and-notification/RI-UHCCP-PA-3-1-26.pdf
11:53:01 INFO  doc.found          UHC | UnitedHealthcare Community Plan Prior Authorization Requirements Rhode Island - Effective Feb. 1, 2026 -> https://www.uhcprovider.com/content/dam/provider/docs/public/commplan/ri/prior-authorization-and-notification/RI-UHCCP-PA-2-1-26.pdf
11:53:02 INFO  doc.found          UHC | UnitedHealthcare Community Plan Prior Authorization Requirements Rhode Island - Effective Jan. 1, 2026 -> https://www.uhcprovider.com/content/dam/provider/docs/public/commplan/ri/prior-authorization-and-notification/RI-UHCCP-PA-1-1-26.pdf
11:53:05 INFO  doc.found          UHC | UnitedHealthcare Community Plan Prior Authorization Requirements Rhode Island - Effective Nov. 1, 2025 -> https://www.uhcprovider.com/content/dam/provider/docs/public/commplan/ri/prior-authorization-and-notification/RI-UHCCP-PA-11-1-25.pdf
11:53:05 INFO  doc.found          UHC | UnitedHealthcare Community Plan Prior Authorization Requirements Rhode Island - Effective Oct. 1, 2025 -> https://www.uhcprovider.com/content/dam/provider/docs/public/commplan/ri/prior-authorization-and-notification/RI-UHCCP-PA-10-1-25.pdf
11:53:07 INFO  doc.found          UHC | UnitedHealthcare Community Plan Prior Authorization Requirements Rhode Island - Effective July 1, 2025 -> https://www.uhcprovider.com/content/dam/provider/docs/public/commplan/ri/prior-authorization-and-notification/RI-UHCCP-PA-7-1-25.pdf
11:53:08 INFO  doc.found          UHC | UnitedHealthcare Community Plan Prior Authorization Requirements Rhode Island - Effective June 1, 2025 -> https://www.uhcprovider.com/content/dam/provider/docs/public/commplan/ri/prior-authorization-and-notification/RI-UHCCP-PA-6-1-25.pdf
11:53:09 INFO  doc.found          UHC | UnitedHealthcare Community Plan Prior Authorization Requirements Rhode Island - Effective May 1, 2025 -> https://www.uhcprovider.com/content/dam/provider/docs/public/commplan/ri/prior-authorization-and-notification/RI-UHCCP-Prior-Authorization-Effective-5-1-2025.pdf
11:53:11 INFO  doc.found          UHC | UnitedHealthcare Community Plan Prior Authorization Requirements Rhode Island - Effective April 1, 2025 -> https://www.uhcprovider.com/content/dam/provider/docs/public/commplan/ri/prior-authorization-and-notification/RI-UHCCP-Prior-Authorization-Effective-4-1-2025.pdf
11:53:12 INFO  doc.found          UHC | UnitedHealthcare Community Plan Prior Authorization Requirements Rhode Island - Effective March 1, 2025 -> https://www.uhcprovider.com/content/dam/provider/docs/public/commplan/ri/prior-authorization-and-notification/RI-UHCCP-Prior-Authorization-Effective-3-1-2025.pdf
11:53:14 INFO  doc.found          UHC | UnitedHealthcare Community Plan Prior Authorization Requirements Rhode Island - Effective February 1, 2025 -> https://www.uhcprovider.com/content/dam/provider/docs/public/commplan/ri/prior-authorization-and-notification/RI-UHCCP-Prior-Authorization-Effective-2-1-2025.pdf
11:53:16 INFO  doc.found          UHC | UnitedHealthcare Community Plan Prior Authorization Requirements Rhode Island - Effective October 1, 2024 -> https://www.uhcprovider.com/content/dam/provider/docs/public/commplan/ri/prior-authorization-and-notification/RI-UHCCP-Prior-Authorization-Effective-10-1-2024.pdf
11:53:16 INFO  doc.found          UHC | UnitedHealthcare Community Plan Prior Authorization Requirements Rhode Island - Effective January 1, 2025 -> https://www.uhcprovider.com/content/dam/provider/docs/public/commplan/ri/prior-authorization-and-notification/RI-UHCCP-Prior-Authorization-Effective-1-1-2025.pdf
11:53:18 INFO  doc.found          UHC | UnitedHealthcare Community Plan Prior Authorization Requirements Tennessee - Effective Aug. 1, 2025 -> https://www.uhcprovider.com/content/dam/provider/docs/public/commplan/tn/prior-auth/TN-UHCCP-Prior-Auth-Effective-8-1-2025.pdf
11:53:19 INFO  doc.found          UHC | UnitedHealthcare Community Plan Prior Authorization Requirements Tennessee - Effective April 1, 2025 -> https://www.uhcprovider.com/content/dam/provider/docs/public/commplan/tn/prior-auth/TN-UHCCP-Prior-Auth-Effective-4-1-2025.pdf
11:53:21 INFO  doc.found          UHC | UnitedHealthcare Community Plan Prior Authorization Requirements Tennessee - Effective March 1, 2025 -> https://www.uhcprovider.com/content/dam/provider/docs/public/commplan/tn/prior-auth/TN-UHCCP-Prior-Auth-Effective-3-1-2025.pdf
11:53:21 INFO  doc.found          UHC | UnitedHealthcare Community Plan Prior Authorization Requirements Tennessee - Effective January 1, 2025 -> https://www.uhcprovider.com/content/dam/provider/docs/public/commplan/tn/prior-auth/TN-UHCCP-Prior-Auth-Effective-1-1-2025.pdf
11:53:23 INFO  doc.found          UHC | Prior Authorization Crosswalk Table -> https://www.uhcprovider.com/content/dam/provider/docs/public/prior-auth/COMM-Prior-Auth-Crosswalk-Table.pdf
11:53:24 INFO  doc.found          UHC | Prior Auth Reduction Code List - UnitedHealthcare commercial plans -> https://www.uhcprovider.com/content/dam/provider/docs/public/prior-auth/PA-Reduction-CL-Commercial.pdf
11:53:26 INFO  doc.found          UHC | Prior Auth Reduction Code List - UnitedHealthcare Medicare Advantage and D-SNP plans -> https://www.uhcprovider.com/content/dam/provider/docs/public/prior-auth/PA-Reduction-CL-MedAdv-D-SNP.pdf
11:53:27 INFO  doc.found          UHC | Prior Auth Reduction Code List - UnitedHealthcare Community plans -> https://www.uhcprovider.com/content/dam/provider/docs/public/prior-auth/PA-Reduction-CL-Community.pdf
11:53:28 INFO  doc.found          UHC | Prior Auth Reduction Code List - UnitedHealthcare Individual Exchange plans -> https://www.uhcprovider.com/content/dam/provider/docs/public/prior-auth/PA-Reduction-CL-Individual-Exchange.pdf
11:53:28 INFO  doc.found          UHC | Empire Plan Advanced Flexible Formulary -> https://www.uhcprovider.com/content/dam/provider/docs/public/resources/pharmacy/NY-Empire-Plan-Advanced-Flexible-Drug-List.pdf
11:53:29 INFO  doc.found          UHC | Prior Auth Reduction Code List - UnitedHealthcare Oxford plans -> https://www.uhcprovider.com/content/dam/provider/docs/public/prior-auth/PA-Reduction-CL-Oxford.pdf
11:53:31 INFO  doc.found          UHC | Empire Plan Flexible Formulary -> https://www.uhcprovider.com/content/dam/provider/docs/public/resources/pharmacy/NY-Empire-Plan-Flexible-Drug-List.pdf
11:53:35 INFO  doc.found          UHC | Prescription Drug List - UnitedHealthcare Commercial Plans - Effective May 1, 2026 -> https://www.uhcprovider.com/content/dam/provider/docs/public/resources/pharmacy/commercial-pdl-may-2026.pdf
11:53:36 INFO  doc.found          UHC | Prescription Drug List - UnitedHealthcare Commercial Plans - Effective Sept. 1, 2026 -> https://www.uhcprovider.com/content/dam/provider/docs/public/resources/pharmacy/commercial-pdl-sept-2026.pdf
11:53:39 INFO  doc.found          UHC | Prescription Drug List - UnitedHealthcare Commercial Plans - Effective January 1, 2026 -> https://www.uhcprovider.com/content/dam/provider/docs/public/resources/pharmacy/commercial-pdl-jan-2026.pdf
11:53:39 INFO  doc.found          UHC | UnitedHealthcare Community Plan: Q4 2026 Preferred Drug List Updates -> https://www.uhcprovider.com/content/dam/provider/docs/public/resources/pharmacy/Community-Plan-Q4-2026-PDL-Updates.pdf
11:53:40 INFO  doc.found          UHC | UnitedHealthcare Community Plan: Q3 2026 Preferred Drug List Updates -> https://www.uhcprovider.com/content/dam/provider/docs/public/resources/pharmacy/Community-Plan-Q3-2026-PDL-Updates.pdf
11:53:41 INFO  doc.found          UHC | UnitedHealthcare Community Plan: Q2 2026 Preferred Drug List Updates -> https://www.uhcprovider.com/content/dam/provider/docs/public/resources/pharmacy/Community-Plan-Q2-2026-PDL-Updates.pdf
11:53:43 INFO  doc.found          UHC | UnitedHealthcare Community Plan: Q1 2026 Preferred Drug List Updates -> https://www.uhcprovider.com/content/dam/provider/docs/public/resources/pharmacy/Community-Plan-Q1-2026-PDL-Updates.pdf
11:53:43 INFO  doc.found          UHC | Pharmacy Benefit Programs Drug List - UnitedHealthcare Commercial -> https://www.uhcprovider.com/content/dam/provider/docs/public/resources/pharmacy/Drugs-with-Clinical-Programs-Commercial.pdf
11:53:45 INFO  doc.found          UHC | Empire Plan Durable Medical Equipment (DME) Notification List for Members with Primary Empire Plan Coverage -> https://www.uhcprovider.com/content/dam/provider/docs/public/prior-auth/DME-Notification-List-Empire-Plan-Members-with-Primary-Coverage.pdf
11:53:48 INFO  doc.found          UHC | Medicare Part B Step Therapy Programs – Medicare Advantage Medical Policy -> https://www.uhcprovider.com/content/dam/provider/docs/public/policies/medadv-mp/medicare-part-b-step-therapy-programs.pdf
11:53:48 INFO  robots.loaded      UnitedHealthcare | https://www.uhc.com/robots.txt -> HTTP 200; 39 rule(s), 1 sitemap(s)
11:53:50 INFO  doc.found          UHC | Medical Records Documentation Used for Reviews: Community Plan -> https://www.uhcprovider.com/content/dam/provider/docs/public/policies/protocols/medical-records-documentation-used-for-reviews-cs.pdf
11:53:50 INFO  doc.found          UHC | Dental Policy Update Bulletin Archive -> https://www.uhcprovider.com/content/dam/provider/docs/public/policies/dental/dpub-archive.pdf
11:53:51 INFO  doc.found          UHC | Online Services Privacy Policy UHC Provider Portal -> https://www.uhc.com/content/dam/uhcdotcom/en/npp/OSPP-UHCPROVIDER-COM-EN.pdf
11:53:51 INFO  doc.found          UHC | UnitedHealthcare Credentialing Plan 2025-2027 -> https://www.uhcprovider.com/content/dam/provider/docs/public/resources/join-network/Credentialing-Plan.pdf
11:53:53 INFO  doc.found          UHC | State and Federal Regulatory Addendum Attachment E to the UnitedHealthcare Credentialing Plan -> https://www.uhcprovider.com/content/dam/provider/docs/public/resources/join-network/Credentialing-Plan-State-and-Federal-Regulatory-Addendum.pdf
11:53:54 INFO  doc.found          UHC | Digital solutions comparison guide for the UnitedHealthcare Provider Portal, API and EDI -> https://www.uhcprovider.com/content/dam/provider/docs/public/resources/edi/Digital-Solutions-Comparison-Guide.pdf
11:53:56 INFO  doc.found          UHC | Commercial plan pharmacy benefit coverage updates effective Sept 1, 2026 - UnitedHealthcare commercial plans -> https://www.uhcprovider.com/content/dam/provider/docs/public/resources/pharmacy/Pharmacy-Benefit-Coverage-Update-09-01-2026.pdf
11:53:57 INFO  doc.found          UHC | Commercial plan pharmacy benefit coverage updates effective May 1, 2026 - UnitedHealthcare commercial plans -> https://www.uhcprovider.com/content/dam/provider/docs/public/resources/pharmacy/COMM-Pharmacy-List-Update-05-01-2026.pdf
11:53:58 INFO  doc.found          UHC | Commercial plan pharmacy benefit coverage updates effective Jan 1, 2026 - UnitedHealthcare commercial plans -> https://www.uhcprovider.com/content/dam/provider/docs/public/resources/pharmacy/Pharmacy-Benefit-Coverage-Update-01-01-2026.pdf
11:54:00 INFO  doc.found          UHC | Advantage 3-Tier PDL update summary - Effective January 1, 2027 - UnitedHealthcare commercial plans -> https://www.uhcprovider.com/content/dam/provider/docs/public/resources/pharmacy/advantage-pdl-3t-jan-2027.pdf
11:54:01 INFO  doc.found          UHC | Advantage 3-Tier PDL update summary - Effective September 1, 2026 - UnitedHealthcare commercial plans -> https://www.uhcprovider.com/content/dam/provider/docs/public/resources/pharmacy/advantage-pdl-3t-sep-2026.pdf
11:54:01 INFO  doc.found          UHC | Alternative medications coverage for all UnitedHealthcare plans -> https://www.uhcprovider.com/content/dam/provider/docs/public/resources/pharmacy/Temporary-Coverage-for-Drug-Shortage-Commercial.pdf
11:54:02 INFO  doc.found          UHC | Quantity Duration (QD) Limits per Duration Medication List - UnitedHealthcare Commercial Plans -> https://www.uhcprovider.com/content/dam/provider/docs/public/resources/pharmacy/Quality-Duration-Supply-Limits.pdf
11:54:04 INFO  doc.found          UHC | Quantity Limits per Copay Medication List - UnitedHealthcare Commercial Plans -> https://www.uhcprovider.com/content/dam/provider/docs/public/resources/pharmacy/Quantity-Level-Limits-Supply-Limits.pdf
11:54:04 INFO  doc.found          UHC | Opioid overutilization prevention and use disorder treatment programs - Unitedhealthcare commerical plans -> https://www.uhcprovider.com/content/dam/provider/docs/public/resources/pharmacy/opioids/Opioid-Overutilization-Prevention-QRG.pdf
11:54:04 INFO  doc.found          UHC | Maine: Non-medicationalternatives pain management - Quick reference guide - UnitedHealthcare Commercial plans -> https://www.uhcprovider.com/content/dam/provider/docs/public/resources/pharmacy/opioids/me-QRG-non-medication-alternatives-opioid-products.pdf
11:54:06 INFO  doc.found          UHC | Maine: Medication alternatives to opioid products - Quick reference guide - UnitedHealthcare Commercial plans -> https://www.uhcprovider.com/content/dam/provider/docs/public/resources/pharmacy/opioids/me-QRG-medication-alternatives-opioid-products.pdf
11:54:06 INFO  doc.found          UHC | Massachusetts: Non-medication opioid alternatives for pain management - Quick reference guide - UnitedHealthcare Commercial plans -> https://www.uhcprovider.com/content/dam/provider/docs/public/resources/pharmacy/opioids/ma-non-medication-pain.pdf
11:54:08 INFO  doc.found          UHC | Massachusetts: Medication alternatives to opioid products - Quick reference guide - UnitedHealthcare commercial plans -> https://www.uhcprovider.com/content/dam/provider/docs/public/resources/pharmacy/opioids/ma-medication-alternatives-opioid.pdf
11:54:09 INFO  doc.found          UHC | Diabetes Medications-DPP4-Oxford -> https://www.uhcprovider.com/content/dam/provider/docs/public/resources/pharmacy/oxford/Diabetes-Medications-DPP4-Inhibitors-Oxford.pdf
11:54:10 INFO  doc.found          UHC | Diabetes Medications - SGLT2 Inhibitors - Oxford -> https://www.uhcprovider.com/content/dam/provider/docs/public/resources/pharmacy/oxford/Diabetes-Medications-SGLT2-Inhibitors-Oxford.pdf
11:54:12 INFO  doc.found          UHC | New and Therapeutic Equivalent Medications - UnitedHealthcare Commercial Plans -> https://www.uhcprovider.com/content/dam/provider/docs/public/resources/pharmacy/New-and-Therapeutic-Equivalent-Medications-Commercial.pdf
11:54:12 INFO  doc.found          UHC | Oxford - Triptans-Agents for Migraine -> https://www.uhcprovider.com/content/dam/provider/docs/public/resources/pharmacy/oxford/Oxford-Supply-Limits-Triptans.pdf
11:54:27 INFO  doc.found          UHC | New Mexico $0 behavioral health coverage - UnitedHealthcare Community Plan -> https://www.uhcprovider.com/content/dam/provider/docs/public/resources/pharmacy/NM-Behavioral-Cost-Share.pdf
11:54:28 INFO  doc.found          UHC | Terms of Use. -> https://www.uhc.com/content/dam/uhcdotcom/en/npp/TOU-UHCPROVIDER-COM-EN.pdf
11:54:28 INFO  doc.found          UHC | Rocky Mountain Health Plans CareAdvantage Value or CareAdvantage Enhanced Behavioral Health prior authorization requirements -> https://www.uhcprovider.com/content/dam/provider/docs/public/health-plans/medicare/bh/CO-MedAdv-BH-QRG-Jan-2023.pdf
11:54:29 INFO  doc.found          UHC | 2026 Medicare Advantage, CSNP and DSNP Quick Reference Guide - UnitedHealthcare -> https://www.uhcprovider.com/content/dam/provider/docs/public/health-plans/medicare/2026-Medicare-Advantage-QRG.pdf
11:54:30 INFO  doc.found          UHC | UCard PCP Information Removal - Frequently Asked Questions -> https://www.uhcprovider.com/content/dam/provider/docs/public/health-plans/medicare/UCard-PCP-Information-Removal-FAQ.pdf
11:54:31 INFO  doc.found          UHC | Z-Code requirements for molecular diagnostic testing DEX DX Exchange—Medicaid -> https://www.uhcprovider.com/content/dam/provider/docs/public/resources/z-code-wave-1-3-FAQ-CS.pdf
11:54:32 INFO  doc.found          UHC | Patient Protection and Affordable Care Act $0 Cost-Share Preventive Medications Exemption Requests - UnitedHealthcare Commercial Plans -> https://www.uhcprovider.com/content/dam/provider/docs/public/resources/pharmacy/COMM-Patient-PACA-Zero-Cost-Share-Exemption-Request.pdf
11:54:32 INFO  payer.done         UnitedHealthcare | UnitedHealthcare: attempted=790 found=790 failed=0 skipped_robots=0 dupes_collapsed=0 elapsed_s=1017.7
11:54:32 INFO  output.assembling  assembling 941 checkpointed row(s) from checkpoint.db
11:54:32 INFO  dedupe.collapsed   Highmark | collapsed 1 near-duplicate(s) into https://highmark.com/content/dam/digital-marketing/en/highmark/highmarkdotcom/pdfs/CSIPolicy.pdf (rule: content_hash)
11:54:32 INFO  dedupe.collapsed   Cigna Healthcare | collapsed 6 near-duplicate(s) into https://www.cigna.com/static/www-cigna-com/docs/ifp/legacy-3-tier.pdf (rule: title)
11:54:32 INFO  dedupe.collapsed   Cigna Healthcare | collapsed 5 near-duplicate(s) into https://www.cigna.com/static/www-cigna-com/docs/ifp/legacy-4-tier-spec.pdf (rule: title)
11:54:32 INFO  dedupe.collapsed   Cigna Healthcare | collapsed 1 near-duplicate(s) into https://static.cigna.com/assets/chcp/resourceLibrary/preCertification/gastroenterology.html (rule: content_hash)
11:54:32 INFO  dedupe.collapsed   Cigna Healthcare | collapsed 1 near-duplicate(s) into https://static.cigna.com/assets/chcp/resourceLibrary/preCertification/molecularLaboratory.html (rule: content_hash)
11:54:32 INFO  dedupe.collapsed   UnitedHealthcare | collapsed 10 near-duplicate(s) into https://www.uhcprovider.com/content/dam/provider/docs/public/commplan/az/prior-authorization/AZ-UHCCP-LTC-Prior-Authorization-6-1-26.pdf (rule: title)
11:54:32 INFO  dedupe.collapsed   UnitedHealthcare | collapsed 2 near-duplicate(s) into https://www.uhcprovider.com/content/dam/provider/docs/public/commplan/co/prior-auth/CO-BH-NHP-RAE-EPAL-07-2026.pdf (rule: title)
11:54:32 INFO  dedupe.collapsed   UnitedHealthcare | collapsed 1 near-duplicate(s) into https://www.uhcprovider.com/content/dam/provider/docs/public/commplan/co/prior-auth/CO-RMHP-RAE-Prime-BH-Prior-Auth-04-1-2026.pdf (rule: title)
11:54:32 INFO  dedupe.collapsed   UnitedHealthcare | collapsed 11 near-duplicate(s) into https://www.uhcprovider.com/content/dam/provider/docs/public/commplan/fl/prior-auth/FL-UHCCP-Prior-Authorization-Effective-7-1-2026.pdf (rule: title)
11:54:32 INFO  dedupe.collapsed   UnitedHealthcare | collapsed 8 near-duplicate(s) into https://www.uhcprovider.com/content/dam/provider/docs/public/commplan/hi/prior-authorization/HI-UHCCP-Prior-Authorization-Effective-7-1-2026.pdf (rule: title)
11:54:32 INFO  dedupe.collapsed   UnitedHealthcare | collapsed 9 near-duplicate(s) into https://www.uhcprovider.com/content/dam/provider/docs/public/commplan/ks/prior-authorization/KS-UHCCP-Prior-Authorization-Effective-7-1-2026.pdf (rule: title)
11:54:32 INFO  dedupe.collapsed   UnitedHealthcare | collapsed 13 near-duplicate(s) into https://www.uhcprovider.com/content/dam/provider/docs/public/commplan/ky/pa/KY-Prior-Auth-7-1-2026.pdf (rule: title)
11:54:32 INFO  dedupe.collapsed   UnitedHealthcare | collapsed 1 near-duplicate(s) into https://www.uhcprovider.com/content/dam/provider/docs/public/commplan/la/prior-authorization/LA-UHCCP-Prior-Auth-11-1-2025.pdf (rule: title)
11:54:32 INFO  dedupe.collapsed   UnitedHealthcare | collapsed 1 near-duplicate(s) into https://www.uhcprovider.com/content/dam/provider/docs/public/commplan/ma/prior-authorization-and-notification/MA-UHCCP-Prior-Authorization-11-1-2025.pdf (rule: title)
11:54:32 INFO  dedupe.collapsed   UnitedHealthcare | collapsed 3 near-duplicate(s) into https://www.uhcprovider.com/content/dam/provider/docs/public/commplan/ma/prior-authorization-and-notification/MA-UHCCP-Prior-Authorization-7-1-2025.pdf (rule: title)
11:54:32 INFO  dedupe.collapsed   UnitedHealthcare | collapsed 9 near-duplicate(s) into https://www.uhcprovider.com/content/dam/provider/docs/public/commplan/ma/prior-authorization-and-notification/MA-UHCCP-OneCare-Prior-Authorization-7-1-2025.pdf (rule: title)
11:54:32 INFO  dedupe.collapsed   UnitedHealthcare | collapsed 11 near-duplicate(s) into https://www.uhcprovider.com/content/dam/provider/docs/public/commplan/mi/prior-authorization/MI-UHCCP-PA-Medicaid-Health-CSHCS-7-1-2026.pdf (rule: title)
11:54:32 INFO  dedupe.collapsed   UnitedHealthcare | collapsed 5 near-duplicate(s) into https://www.uhcprovider.com/content/dam/provider/docs/public/commplan/ms/prior-authorization-and-notification/MS-CHIP-eff-1-1-25.pdf (rule: title)
11:54:32 INFO  dedupe.collapsed   UnitedHealthcare | collapsed 5 near-duplicate(s) into https://www.uhcprovider.com/content/dam/provider/docs/public/commplan/ms/prior-authorization-and-notification/MS-CAN-eff-1-1-25.pdf (rule: title)
11:54:32 INFO  dedupe.collapsed   UnitedHealthcare | collapsed 3 near-duplicate(s) into https://www.uhcprovider.com/content/dam/provider/docs/public/commplan/mo/prior-authorization/MO-UHCCP-Prior-Authorization-7-1-2026.pdf (rule: title)
11:54:32 INFO  dedupe.collapsed   UnitedHealthcare | collapsed 10 near-duplicate(s) into https://www.uhcprovider.com/content/dam/provider/docs/public/commplan/ne/prior-authorization/NE-UHCCP-Prior-Authorization-Effective-7-1-2026.pdf (rule: title)
11:54:32 INFO  dedupe.collapsed   UnitedHealthcare | collapsed 7 near-duplicate(s) into https://www.uhcprovider.com/content/dam/provider/docs/public/commplan/ny/prior-authorization-and-notification/NY-UHCCP-PA-Eff-7-1-2026.pdf (rule: title)
11:54:32 INFO  dedupe.collapsed   UnitedHealthcare | collapsed 4 near-duplicate(s) into https://www.uhcprovider.com/content/dam/provider/docs/public/commplan/nc/prior-authorization/NC-PA-7-1-2026.pdf (rule: title)
11:54:32 INFO  dedupe.collapsed   UnitedHealthcare | collapsed 2 near-duplicate(s) into https://www.uhcprovider.com/content/dam/provider/docs/public/commplan/oh/prior-auth/OH-UHCCP-PA-Effective-1-1-2025.pdf (rule: title)
11:54:32 INFO  dedupe.collapsed   UnitedHealthcare | collapsed 8 near-duplicate(s) into https://www.uhcprovider.com/content/dam/provider/docs/public/commplan/ri/prior-authorization-and-notification/RI-UHCCP-PA-5-1-26.pdf (rule: title)
11:54:32 INFO  dedupe.collapsed   UnitedHealthcare | collapsed 1 near-duplicate(s) into https://www.uhcprovider.com/content/dam/provider/docs/public/commplan/tn/prior-auth/TN-UHCCP-Prior-Auth-Effective-2-1-2026.pdf (rule: title)
11:54:32 INFO  dedupe.collapsed   UnitedHealthcare | collapsed 2 near-duplicate(s) into https://www.uhcprovider.com/content/dam/provider/docs/public/policies/dental/non-surgical-endodontics.pdf (rule: policy_number)
11:54:32 INFO  dedupe.collapsed   UnitedHealthcare | collapsed 1 near-duplicate(s) into https://www.uhcprovider.com/content/dam/provider/docs/public/prior-auth/pa-requirements/multi/2025-Summary-of-Changes-AdvNotice-and-PriorAuth.pdf (rule: title)
11:54:32 INFO  dedupe.collapsed   UnitedHealthcare | collapsed 6 near-duplicate(s) into https://www.uhcprovider.com/content/dam/provider/docs/public/prior-auth/pa-requirements/commercial/UHC-Commercial-Advance-Notification-PA-Requirements-9-2026.pdf (rule: title)
11:54:32 INFO  dedupe.collapsed   UnitedHealthcare | collapsed 7 near-duplicate(s) into https://www.uhcprovider.com/content/dam/provider/docs/public/prior-auth/pa-requirements/mid-atlantic/UHC-Mid-Atlantic-Prior-Authorization-Effective-9-2026.pdf (rule: title)
11:54:32 INFO  dedupe.collapsed   UnitedHealthcare | collapsed 5 near-duplicate(s) into https://www.uhcprovider.com/content/dam/provider/docs/public/prior-auth/pa-requirements/oxford/Oxford-Prior-Auth-9-1-2026.pdf (rule: title)
11:54:32 INFO  dedupe.collapsed   UnitedHealthcare | collapsed 3 near-duplicate(s) into https://www.uhcprovider.com/content/dam/provider/docs/public/prior-auth/pa-requirements/uhc-complete/UHC-Complete-8-1-26.pdf (rule: title)
11:54:32 INFO  dedupe.collapsed   UnitedHealthcare | collapsed 6 near-duplicate(s) into https://www.uhcprovider.com/content/dam/provider/docs/public/prior-auth/pa-requirements/west/UHC-West-PA-Effective-4-2026.pdf (rule: title)
11:54:32 INFO  dedupe.collapsed   UnitedHealthcare | collapsed 7 near-duplicate(s) into https://www.uhcprovider.com/content/dam/provider/docs/public/prior-auth/pa-requirements/nhp/UHC-NHP-Advance-Notification-Guide-Effective-9-2026.pdf (rule: title)
11:54:32 INFO  dedupe.collapsed   UnitedHealthcare | collapsed 7 near-duplicate(s) into https://www.uhcprovider.com/content/dam/provider/docs/public/prior-auth/pa-requirements/river-valley/UHC-River-Valley-Prior-Authorization-Effective-9-2026.pdf (rule: title)
11:54:32 INFO  dedupe.collapsed   UnitedHealthcare | collapsed 12 near-duplicate(s) into https://www.uhcprovider.com/content/dam/provider/docs/public/prior-auth/pa-requirements/medicare/Med-Adv-Dual-Eff-8-1-26.pdf (rule: title)
11:54:32 INFO  dedupe.collapsed   UnitedHealthcare | collapsed 7 near-duplicate(s) into https://www.uhcprovider.com/content/dam/provider/docs/public/prior-auth/pa-requirements/pcn/UHC-Preferred-Care-Florida-Medicare-Eff-8-1-26.pdf (rule: title)
11:54:32 INFO  dedupe.collapsed   UnitedHealthcare | collapsed 8 near-duplicate(s) into https://www.uhcprovider.com/content/dam/provider/docs/public/prior-auth/exchanges/UHC-Exchange-Plans-Advance-Notification-PA-Eff-8-1-26.pdf (rule: title)
11:54:32 INFO  dedupe.collapsed   UnitedHealthcare | collapsed 2 near-duplicate(s) into https://www.uhcprovider.com/content/dam/provider/docs/public/prior-auth/exchanges/behavioral-health/AL-Exchange-BH-Prior-Auth-Req-2025.pdf (rule: title)
11:54:32 INFO  dedupe.collapsed   UnitedHealthcare | collapsed 2 near-duplicate(s) into https://www.uhcprovider.com/content/dam/provider/docs/public/prior-auth/exchanges/behavioral-health/AZ-Exchange-BH-Prior-Auth-Req-2025.pdf (rule: title)
11:54:32 INFO  dedupe.collapsed   UnitedHealthcare | collapsed 2 near-duplicate(s) into https://www.uhcprovider.com/content/dam/provider/docs/public/prior-auth/exchanges/behavioral-health/CO-Exchange-BH-Prior-Auth-Req-2025.pdf (rule: title)
11:54:32 INFO  dedupe.collapsed   UnitedHealthcare | collapsed 2 near-duplicate(s) into https://www.uhcprovider.com/content/dam/provider/docs/public/prior-auth/exchanges/behavioral-health/CO-RMHP-Exchange-BH-03-2026.pdf (rule: title)
11:54:32 INFO  dedupe.collapsed   UnitedHealthcare | collapsed 2 near-duplicate(s) into https://www.uhcprovider.com/content/dam/provider/docs/public/prior-auth/exchanges/behavioral-health/FL-Exchange-BH-Prior-Auth-Req-2025.pdf (rule: title)
11:54:32 INFO  dedupe.collapsed   UnitedHealthcare | collapsed 2 near-duplicate(s) into https://www.uhcprovider.com/content/dam/provider/docs/public/prior-auth/exchanges/behavioral-health/GA-Exchange-BH-Prior-Auth-Req-2025.pdf (rule: title)
11:54:32 INFO  dedupe.collapsed   UnitedHealthcare | collapsed 1 near-duplicate(s) into https://www.uhcprovider.com/content/dam/provider/docs/public/prior-auth/exchanges/behavioral-health/IA-Exchange-BH-Prior-Auth-Req-2025.pdf (rule: title)
11:54:32 INFO  dedupe.collapsed   UnitedHealthcare | collapsed 2 near-duplicate(s) into https://www.uhcprovider.com/content/dam/provider/docs/public/prior-auth/exchanges/behavioral-health/IL-Exchange-BH-Prior-Auth-Req-2025.pdf (rule: title)
11:54:32 INFO  dedupe.collapsed   UnitedHealthcare | collapsed 1 near-duplicate(s) into https://www.uhcprovider.com/content/dam/provider/docs/public/prior-auth/exchanges/behavioral-health/IN-Exchange-BH-Prior-Auth-Req-2025.pdf (rule: title)
11:54:32 INFO  dedupe.collapsed   UnitedHealthcare | collapsed 2 near-duplicate(s) into https://www.uhcprovider.com/content/dam/provider/docs/public/prior-auth/exchanges/behavioral-health/KS-Exchange-BH-Prior-Auth-Req-2025.pdf (rule: title)
11:54:32 INFO  dedupe.collapsed   UnitedHealthcare | collapsed 2 near-duplicate(s) into https://www.uhcprovider.com/content/dam/provider/docs/public/prior-auth/exchanges/behavioral-health/LA-Exchange-BH-Prior-Auth-Req-2025.pdf (rule: title)
11:54:32 INFO  dedupe.collapsed   UnitedHealthcare | collapsed 2 near-duplicate(s) into https://www.uhcprovider.com/content/dam/provider/docs/public/prior-auth/exchanges/behavioral-health/MD-Exchange-BH-Prior-Auth-Req-2025.pdf (rule: title)
11:54:32 INFO  dedupe.collapsed   UnitedHealthcare | collapsed 2 near-duplicate(s) into https://www.uhcprovider.com/content/dam/provider/docs/public/prior-auth/exchanges/behavioral-health/MI-Exchange-BH-Prior-Auth-Req-2025.pdf (rule: title)
11:54:32 INFO  dedupe.collapsed   UnitedHealthcare | collapsed 2 near-duplicate(s) into https://www.uhcprovider.com/content/dam/provider/docs/public/prior-auth/exchanges/behavioral-health/MO-Exchange-BH-Prior-Auth-Req-2025.pdf (rule: title)
11:54:32 INFO  dedupe.collapsed   UnitedHealthcare | collapsed 2 near-duplicate(s) into https://www.uhcprovider.com/content/dam/provider/docs/public/prior-auth/exchanges/behavioral-health/MS-Exchange-BH-Prior-Auth-Req-2025.pdf (rule: title)
11:54:32 INFO  dedupe.collapsed   UnitedHealthcare | collapsed 2 near-duplicate(s) into https://www.uhcprovider.com/content/dam/provider/docs/public/prior-auth/exchanges/behavioral-health/NC-Exchange-BH-Prior-Auth-Req-2025.pdf (rule: title)
11:54:32 INFO  dedupe.collapsed   UnitedHealthcare | collapsed 1 near-duplicate(s) into https://www.uhcprovider.com/content/dam/provider/docs/public/prior-auth/exchanges/behavioral-health/NE-Exchange-BH-Prior-Auth-Req-2025.pdf (rule: title)
11:54:32 INFO  dedupe.collapsed   UnitedHealthcare | collapsed 2 near-duplicate(s) into https://www.uhcprovider.com/content/dam/provider/docs/public/prior-auth/exchanges/behavioral-health/NJ-Exchange-BH-Prior-Auth-Req-2025.pdf (rule: title)
11:54:32 INFO  dedupe.collapsed   UnitedHealthcare | collapsed 2 near-duplicate(s) into https://www.uhcprovider.com/content/dam/provider/docs/public/prior-auth/exchanges/behavioral-health/NM-Exchange-BH-Prior-Auth-Req-2025.pdf (rule: title)
11:54:32 INFO  dedupe.collapsed   UnitedHealthcare | collapsed 2 near-duplicate(s) into https://www.uhcprovider.com/content/dam/provider/docs/public/prior-auth/exchanges/behavioral-health/OH-Exchange-BH-Prior-Auth-Req-2025.pdf (rule: title)
11:54:32 INFO  dedupe.collapsed   UnitedHealthcare | collapsed 2 near-duplicate(s) into https://www.uhcprovider.com/content/dam/provider/docs/public/prior-auth/exchanges/behavioral-health/OK-Exchange-BH-Prior-Auth-Req-2025.pdf (rule: title)
11:54:32 INFO  dedupe.collapsed   UnitedHealthcare | collapsed 2 near-duplicate(s) into https://www.uhcprovider.com/content/dam/provider/docs/public/prior-auth/exchanges/behavioral-health/SC-Exchange-BH-Prior-Auth-Req-2025.pdf (rule: title)
11:54:32 INFO  dedupe.collapsed   UnitedHealthcare | collapsed 2 near-duplicate(s) into https://www.uhcprovider.com/content/dam/provider/docs/public/prior-auth/exchanges/behavioral-health/TN-Exchange-BH-Prior-Auth-Req-2025.pdf (rule: title)
11:54:32 INFO  dedupe.collapsed   UnitedHealthcare | collapsed 2 near-duplicate(s) into https://www.uhcprovider.com/content/dam/provider/docs/public/prior-auth/exchanges/behavioral-health/TX-Exchange-BH-Prior-Auth-Req-2025.pdf (rule: title)
11:54:32 INFO  dedupe.collapsed   UnitedHealthcare | collapsed 1 near-duplicate(s) into https://www.uhcprovider.com/content/dam/provider/docs/public/prior-auth/exchanges/behavioral-health/VA-Exchange-BH-Prior-Auth-Req-2024.pdf (rule: title)
11:54:32 INFO  dedupe.collapsed   UnitedHealthcare | collapsed 2 near-duplicate(s) into https://www.uhcprovider.com/content/dam/provider/docs/public/prior-auth/exchanges/behavioral-health/WA-Exchange-BH-Prior-Auth-Req-2025.pdf (rule: title)
11:54:32 INFO  dedupe.collapsed   UnitedHealthcare | collapsed 2 near-duplicate(s) into https://www.uhcprovider.com/content/dam/provider/docs/public/prior-auth/exchanges/behavioral-health/WI-Exchange-BH-Prior-Auth-Req-2025.pdf (rule: title)
11:54:32 INFO  dedupe.collapsed   UnitedHealthcare | collapsed 1 near-duplicate(s) into https://www.uhcprovider.com/content/dam/provider/docs/public/prior-auth/exchanges/behavioral-health/WY-Exchange-BH-Prior-Auth-Req-2025.pdf (rule: title)
11:54:32 INFO  dedupe.collapsed   UnitedHealthcare | collapsed 7 near-duplicate(s) into https://www.uhcprovider.com/content/dam/provider/docs/public/prior-auth/pa-requirements/commercial/UHC-Commercial-Advance-Notification-PA-Requirements-7-2026.pdf (rule: title)
11:54:32 INFO  dedupe.collapsed   UnitedHealthcare | collapsed 4 near-duplicate(s) into https://www.uhcprovider.com/content/dam/provider/docs/public/prior-auth/pa-requirements/uhc-complete/UHC-Complete-4-1-26.pdf (rule: title)
11:54:32 INFO  dedupe.collapsed   UnitedHealthcare | collapsed 8 near-duplicate(s) into https://www.uhcprovider.com/content/dam/provider/docs/public/prior-auth/pa-requirements/mid-atlantic/UHC-Mid-Atlantic-Prior-Authorization-Effective-7-2026.pdf (rule: title)
11:54:32 INFO  dedupe.collapsed   UnitedHealthcare | collapsed 8 near-duplicate(s) into https://www.uhcprovider.com/content/dam/provider/docs/public/prior-auth/pa-requirements/river-valley/UHC-River-Valley-Prior-Authorization-Effective-7-2026.pdf (rule: title)
11:54:32 INFO  dedupe.collapsed   UnitedHealthcare | collapsed 13 near-duplicate(s) into https://www.uhcprovider.com/content/dam/provider/docs/public/prior-auth/pa-requirements/surest/Surest-Prior-Auth-7-2026.pdf (rule: title)
11:54:32 INFO  dedupe.collapsed   UnitedHealthcare | collapsed 8 near-duplicate(s) into https://www.uhcprovider.com/content/dam/provider/docs/public/prior-auth/pa-requirements/oxford/Oxford-Prior-Auth-7-1-2026.pdf (rule: title)
11:54:32 INFO  dedupe.collapsed   UnitedHealthcare | collapsed 8 near-duplicate(s) into https://www.uhcprovider.com/content/dam/provider/docs/public/prior-auth/pa-requirements/nhp/UHC-NHP-Advance-Notification-Guide-Effective-7-2026.pdf (rule: title)
11:54:32 INFO  dedupe.collapsed   UnitedHealthcare | collapsed 6 near-duplicate(s) into https://www.uhcprovider.com/content/dam/provider/docs/public/prior-auth/pa-requirements/medicare/Med-Adv-Dual-Eff-4-1-26.pdf (rule: title)
11:54:32 INFO  dedupe.collapsed   UnitedHealthcare | collapsed 5 near-duplicate(s) into https://www.uhcprovider.com/content/dam/provider/docs/public/prior-auth/pa-requirements/pcn/UHC-Preferred-Care-Florida-Medicare-Eff-7-1-26.pdf (rule: title)
11:54:32 INFO  dedupe.collapsed   UnitedHealthcare | collapsed 4 near-duplicate(s) into https://www.uhcprovider.com/content/dam/provider/docs/public/prior-auth/pa-requirements/pcn/UHC-Preferred-Care-Florida-Medicare-Effective-2-1-2025.pdf (rule: title)
11:54:32 INFO  dedupe.collapsed   UnitedHealthcare | collapsed 12 near-duplicate(s) into https://www.uhcprovider.com/content/dam/provider/docs/public/prior-auth/exchanges/UHC-Exchange-Plans-Advance-Notification-PA-Eff-7-1-26.pdf (rule: title)
11:54:32 INFO  dedupe.collapsed   UnitedHealthcare | collapsed 1 near-duplicate(s) into https://www.uhcprovider.com/content/dam/provider/docs/public/commplan/az/prior-authorization/AZ-UHCCP-CC-Prior-Authorization-4-1-26.pdf (rule: title)
11:54:32 INFO  dedupe.collapsed   UnitedHealthcare | collapsed 1 near-duplicate(s) into https://www.uhcprovider.com/content/dam/provider/docs/public/commplan/az/prior-authorization/AZ-UHCCP-CC-Prior-Authorization-11-1-25.pdf (rule: title)
11:54:32 INFO  dedupe.collapsed   UnitedHealthcare | collapsed 7 near-duplicate(s) into https://www.uhcprovider.com/content/dam/provider/docs/public/commplan/az/prior-authorization/AZ-UHCCP-CC-Prior-Authorization-8-1-25.pdf (rule: title)
11:54:32 INFO  dedupe.collapsed   UnitedHealthcare | collapsed 2 near-duplicate(s) into https://www.uhcprovider.com/content/dam/provider/docs/public/commplan/az/prior-authorization/AZ-UHCCP-DD-Prior-Authorization-4-1-26.pdf (rule: title)
11:54:32 INFO  dedupe.collapsed   UnitedHealthcare | collapsed 9 near-duplicate(s) into https://www.uhcprovider.com/content/dam/provider/docs/public/commplan/az/prior-authorization/AZ-UHCCP-DD-Prior-Authorization-11-1-25.pdf (rule: title)
11:54:32 INFO  dedupe.collapsed   UnitedHealthcare | collapsed 2 near-duplicate(s) into https://www.uhcprovider.com/content/dam/provider/docs/public/commplan/az/prior-authorization/AZ-UHCCP-LTC-Prior-Authorization-4-1-26.pdf (rule: title)
11:54:32 INFO  dedupe.collapsed   UnitedHealthcare | collapsed 5 near-duplicate(s) into https://www.uhcprovider.com/content/dam/provider/docs/public/commplan/co/prior-auth/CO-RHMP-CHP-Prior-Auth-7-1-2026.pdf (rule: title)
11:54:32 INFO  dedupe.collapsed   UnitedHealthcare | collapsed 2 near-duplicate(s) into https://www.uhcprovider.com/content/dam/provider/docs/public/commplan/co/prior-auth/CO-RMHP-CHP-Plus-BH-Prior-Auth-07-01-2026.pdf (rule: title)
11:54:32 INFO  dedupe.collapsed   UnitedHealthcare | collapsed 10 near-duplicate(s) into https://www.uhcprovider.com/content/dam/provider/docs/public/commplan/co/prior-auth/CO-RHMP-CHP-Prior-Auth-4-1-2026.pdf (rule: title)
11:54:32 INFO  dedupe.collapsed   UnitedHealthcare | collapsed 6 near-duplicate(s) into https://www.uhcprovider.com/content/dam/provider/docs/public/commplan/co/prior-auth/CO-RHMP-RAE-Prior-Auth-7-1-2026.pdf (rule: title)
11:54:32 INFO  dedupe.collapsed   UnitedHealthcare | collapsed 9 near-duplicate(s) into https://www.uhcprovider.com/content/dam/provider/docs/public/commplan/co/prior-auth/CO-RHMP-RAE-Prior-Auth-2-1-2026.pdf (rule: title)
11:54:32 INFO  dedupe.collapsed   UnitedHealthcare | collapsed 2 near-duplicate(s) into https://www.uhcprovider.com/content/dam/provider/docs/public/commplan/co/prior-auth/CO-RMHP-Med-Adv-DSNP-Prior-Auth-2-1-2025.pdf (rule: title)
11:54:32 INFO  dedupe.collapsed   UnitedHealthcare | collapsed 3 near-duplicate(s) into https://www.uhcprovider.com/content/dam/provider/docs/public/commplan/fl/prior-auth/FL-UHCCP-Prior-Authorization-Effective-4-1-2026.pdf (rule: title)
11:54:32 INFO  dedupe.collapsed   UnitedHealthcare | collapsed 3 near-duplicate(s) into https://www.uhcprovider.com/content/dam/provider/docs/public/commplan/hi/prior-authorization/HI-UHCCP-Prior-Authorization-Effective-2-1-2026.pdf (rule: title)
11:54:32 INFO  dedupe.collapsed   UnitedHealthcare | collapsed 5 near-duplicate(s) into https://www.uhcprovider.com/content/dam/provider/docs/public/commplan/in/priorauth/IN-Hoosier-Connect-Effective-7-1-2026.pdf (rule: title)
11:54:32 INFO  dedupe.collapsed   UnitedHealthcare | collapsed 5 near-duplicate(s) into https://www.uhcprovider.com/content/dam/provider/docs/public/commplan/in/priorauth/IN-Pathways-7-1-26.pdf (rule: title)
11:54:32 INFO  dedupe.collapsed   UnitedHealthcare | collapsed 12 near-duplicate(s) into https://www.uhcprovider.com/content/dam/provider/docs/public/commplan/in/priorauth/IN-Hoosier-Connect-Effective-4-1-2026.pdf (rule: title)
11:54:32 INFO  dedupe.collapsed   UnitedHealthcare | collapsed 9 near-duplicate(s) into https://www.uhcprovider.com/content/dam/provider/docs/public/commplan/in/priorauth/IN-Pathways-4-1-26.pdf (rule: title)
11:54:32 INFO  dedupe.collapsed   UnitedHealthcare | collapsed 3 near-duplicate(s) into https://www.uhcprovider.com/content/dam/provider/docs/public/commplan/in/priorauth/IN-MLTSS-10-1-24.pdf (rule: title)
11:54:32 INFO  dedupe.collapsed   UnitedHealthcare | collapsed 6 near-duplicate(s) into https://www.uhcprovider.com/content/dam/provider/docs/public/commplan/ks/prior-authorization/KS-UHCCP-Prior-Authorization-Effective-4-1-2026.pdf (rule: title)
11:54:32 INFO  dedupe.collapsed   UnitedHealthcare | collapsed 1 near-duplicate(s) into https://www.uhcprovider.com/content/dam/provider/docs/public/commplan/ky/pa/KY-Prior-Auth-3-1-2026.pdf (rule: title)
11:54:32 INFO  dedupe.collapsed   UnitedHealthcare | collapsed 9 near-duplicate(s) into https://www.uhcprovider.com/content/dam/provider/docs/public/commplan/la/prior-authorization/LA-eff-10-1-24.pdf (rule: title)
11:54:32 INFO  dedupe.collapsed   UnitedHealthcare | collapsed 9 near-duplicate(s) into https://www.uhcprovider.com/content/dam/provider/docs/public/commplan/md/prior-authorization/MD-UHCCP-Prior-Authorization-Effective-7-1-2026.pdf (rule: title)
11:54:32 INFO  dedupe.collapsed   UnitedHealthcare | collapsed 2 near-duplicate(s) into https://www.uhcprovider.com/content/dam/provider/docs/public/commplan/md/prior-authorization/MD-UHCCP-Prior-Authorization-Effective-3-1-2026.pdf (rule: title)
11:54:32 INFO  dedupe.collapsed   UnitedHealthcare | collapsed 4 near-duplicate(s) into https://www.uhcprovider.com/content/dam/provider/docs/public/commplan/ma/prior-authorization-and-notification/MA-UHCCP-SCO-OneCare-PA-8-1-2026.pdf (rule: title)
11:54:32 INFO  dedupe.collapsed   UnitedHealthcare | collapsed 2 near-duplicate(s) into https://www.uhcprovider.com/content/dam/provider/docs/public/commplan/mi/prior-authorization/MI-UHCCP-PA-Medicaid-Health-CSHCS-4-1-2026.pdf (rule: title)
11:54:32 INFO  dedupe.collapsed   UnitedHealthcare | collapsed 2 near-duplicate(s) into https://www.uhcprovider.com/content/dam/provider/docs/public/commplan/ne/prior-authorization/NE-UHCCP-Prior-Authorization-Effective-2-1-2026.pdf (rule: title)
11:54:32 INFO  dedupe.collapsed   UnitedHealthcare | collapsed 9 near-duplicate(s) into https://www.uhcprovider.com/content/dam/provider/docs/public/commplan/nj/prior-authorization/NJ-UHCCP-Prior-Authorization-Effective-7.1.2026.pdf (rule: title)
11:54:32 INFO  dedupe.collapsed   UnitedHealthcare | collapsed 1 near-duplicate(s) into https://www.uhcprovider.com/content/dam/provider/docs/public/commplan/nj/prior-authorization/NJ-UHCCP-Prior-Authorization-Effective-3.1.2026.pdf (rule: title)
11:54:32 INFO  dedupe.collapsed   UnitedHealthcare | collapsed 9 near-duplicate(s) into https://www.uhcprovider.com/content/dam/provider/docs/public/commplan/nm/priorauth/NM-PA-7-1-26.pdf (rule: title)
11:54:32 INFO  dedupe.collapsed   UnitedHealthcare | collapsed 5 near-duplicate(s) into https://www.uhcprovider.com/content/dam/provider/docs/public/commplan/nm/priorauth/NM-PA-4-1-26.pdf (rule: title)
11:54:32 INFO  dedupe.collapsed   UnitedHealthcare | collapsed 6 near-duplicate(s) into https://www.uhcprovider.com/content/dam/provider/docs/public/commplan/ny/prior-authorization-and-notification/NY-UHCCP-PA-Eff-4-1-2026.pdf (rule: title)
11:54:32 INFO  dedupe.collapsed   UnitedHealthcare | collapsed 4 near-duplicate(s) into https://www.uhcprovider.com/content/dam/provider/docs/public/commplan/nc/prior-authorization/NC-PA-4-1-2026.pdf (rule: title)
11:54:32 INFO  dedupe.collapsed   UnitedHealthcare | collapsed 5 near-duplicate(s) into https://www.uhcprovider.com/content/dam/provider/docs/public/commplan/ri/prior-authorization-and-notification/RI-UHCCP-PA-4-1-26.pdf (rule: title)
11:54:32 INFO  dedupe.collapsed   UnitedHealthcare | collapsed 2 near-duplicate(s) into https://www.uhcprovider.com/content/dam/provider/docs/public/commplan/tn/prior-auth/TN-UHCCP-Prior-Auth-Effective-4-1-2025.pdf (rule: title)
11:54:32 INFO  dedupe.collapsed   UnitedHealthcare | collapsed 1 near-duplicate(s) into https://www.uhcprovider.com/content/dam/provider/docs/public/resources/pharmacy/commercial-pdl-may-2026.pdf (rule: title)
11:54:32 INFO  dedupe.collapsed   UnitedHealthcare | collapsed 3 near-duplicate(s) into https://www.uhcprovider.com/content/dam/provider/docs/public/resources/pharmacy/Community-Plan-Q4-2026-PDL-Updates.pdf (rule: title)
11:54:32 INFO  dedupe.collapsed   UnitedHealthcare | collapsed 1 near-duplicate(s) into https://www.uhcprovider.com/content/dam/provider/docs/public/resources/pharmacy/Pharmacy-Benefit-Coverage-Update-09-01-2026.pdf (rule: title)
11:54:32 INFO  dedupe.collapsed   UnitedHealthcare | collapsed 1 near-duplicate(s) into https://www.uhcprovider.com/content/dam/provider/docs/public/resources/pharmacy/advantage-pdl-3t-jan-2027.pdf (rule: title)
11:54:32 INFO  dedupe.collapsed   collapsed 521 near-duplicate(s); 420 row(s) remain
11:54:32 INFO  output.written     wrote 420 row(s) to C:\Users\devid\PycharmProjects\payer-policy-crawler\output\output.csv
11:54:32 INFO  run.done           run 20260907T060734Z-d25193 finished in 1018.0s: 420 row(s) written to output.csv
11:54:32 ERROR email.failed       SMTP transport needs an app password in $CRAWLER_SMTP_PASSWORD (create one at https://myaccount.google.com/apppasswords)
